si-xiang-jue-ding-da-ju ,      我一个工科生，连哥德巴赫猜想这个名字都没怎么听说过，却接连几天一直在知乎看这个话题，我看了好多答案大家有些人就为了这个问题进行了好多讨论，甚至有答主专门注册了知乎号来等一月一号公布答案。而最先的题主 @证明 也24K关注了。       这到底是知乎的营销还是这位题主的营销呢？或者是???
 , 如果高中生发布了一个钓鱼问题，并因此获取了20K+的关注，会被清华北大新闻系保送吗？https://www.zhihu.com/question/307400647
ling-hu-chong-8-40 , 不成熟的人有一个特点，为了掩盖自己不能完成一个简单的事情，而假装自己在做一件很难的事情。很多人一辈子都这样。
 , 看到这个内容，想起高中的我，真好。数列嘛，几张证明我高中唯一存在，浓缩了所有我高中的优秀做法想法和当时想到如何下笔时令我兴奋的一点灵机，永远都不可能有那种精力那时情景再复刻一份，想给我妹这数学不懂的小傻瓜看看，数列就不用愁了的笔记，给一个女生弄丢了，我不怪她，但是永远不会原谅她。高考以后我在垃圾堆里找了好几个小时，这是我一辈子的遗憾。高中数列我觉得挺简单的，应该是我没接触也不会接触到那么高水准的东西。我累了，没有以前对数学的狂热了。不想去探索，我已经是个堕落的人，没有资格再触碰数学，可能这辈子我都不懂哥德巴赫猜想，唉不说了。我还是这样，到处都负能量满满的传播给别人。不好意思，想到些不该说的，管不住自己，说了些题外话。不管能不能证明，我还是希望题主，永远热爱数学，永远，不要放弃自己的梦想，虽然我没资格说这些。加油。
ayranny , 建议和这位一起讨论讨论http://bbs1.people.com.cn/userInfo.do?userNick=%E4%B8%80%E4%BB%A3%E6%95%B0%E5%AD%A6%E5%A4%A9%E9%AA%84
qing-fu-3-61 , 达克效应了解一下
dao-xie-ban-hu-ming-yue , 惊闻题主收藏此答案，本人不胜惶恐。若此答案对您的数学研究之路略起了绵薄之力，本人荣幸之至—————————————————————————思来想去，觉得某知友说得对，这种可能让数学腾飞的足以写进世界通史的科学发现，不能固步自封，必须得与世界上其他优秀数学研究者进行交流才可。故特此更新一下榜单，本人对真实性与专业性概不负责。（都说了不负责还吹毛求疵本来就是乐一乐的答案竟然还有来讨论这个榜单的真是。。）根据USNews 2018全球大学数学学科排名世界排名大学名称所在国家（地区）第1位巴黎第六大学法国第2位斯坦福大学美国第3位普林斯顿大学美国第4位麻省理工学院美国第5位加州大学伯克利分校美国第6位牛津大学英国第7位纽约大学美国第8位哈佛大学美国第9位剑桥大学英国并列第10位苏黎世联邦理工学院瑞士并列第10位芝加哥大学美国第12位哥伦比亚大学美国第13位德克萨斯大学奥斯汀分校美国第14位加州大学洛杉矶分校美国第15位明尼苏达大学双城分校美国第16位德克萨斯A&amp;M大学美国第17位威斯康星大学-麦迪逊分校美国第18位帝国理工学院英国并列第19位北京大学中国并列第19位密西根大学安娜堡分校美国第21位伊斯兰阿萨德大学伊朗第22位洛桑联邦理工学院瑞士第23位华威大学英国并列第24位布朗大学美国并列第24位杜克大学美国并列第26位宾夕法尼亚州立大学大学园校区美国并列第26位波恩大学德国第28位巴黎第七大学法国第29位罗格斯新泽西州立大学美国第30位华盛顿大学美国第31位复旦大学中国并列第32位巴黎第十一大学法国并列第32位米兰大学意大利第34位香港中文大学中国香港第35位不列颠哥伦比亚大学加拿大并列第36位巴黎综合理工大学法国并列第36位罗马大学意大利并列第36位成均馆大学韩国并列第39位南开大学中国并列第39位上海交通大学中国并列第39位圣保罗大学巴西第42位京都大学日本第43位新加坡国立大学新加坡第44位天主教鲁汶大学比利时第45位北京师范大学中国第46位宾夕法尼亚大学美国并列第47位多伦多大学加拿大并列第47位维也纳大学奥地利第49位佐治亚理工学院美国第50位加州理工学院美国第51位伊利诺伊大学厄本那-香槟分校美国并列第52位香港理工大学中国香港并列第52位清华大学中国第54位东京大学日本第55位北卡罗来纳州立大学罗利分校美国第56位以色列理工大学以色列第57位加州大学圣地亚哥分校美国第58位莫斯科国立大学俄罗斯第59位里斯本大学葡萄牙第60位艾克斯-马赛大学 法国并列第61位香港城市大学中国香港并列第61位巴黎高等师范学院法国并列第61位密歇根州立大学美国第64位普渡大学西拉法叶分校美国第65位沙特国王大学沙特阿拉伯第66位浙江大学中国第67位中国科技大学中国第68位慕尼黑大学德国第69位北卡罗来纳大学教堂山分校美国第70位米兰理工大学意大利第71位布拉格查理大学捷克共和国第72位俄亥俄州立大学美国第73位维多利亚大学加拿大第74位南京大学 中国第75位新南威尔士大学澳大利亚第76位巴黎第九大学法国第77位柏林工业大学德国并列第78位都灵理工大学 意大利并列第78位贝尔格莱德大学塞尔维亚第80位慕尼黑工业大学德国第81位厦门大学中国第82位格拉纳达大学 西班牙并列第83位帕维亚大学意大利并列第83位耶鲁大学美国第85位华沙大学波兰第86位首尔国立大学韩国并列第87位安提里姆大学土耳其并列第87位圣彼得堡国立大学俄罗斯第89位莱斯大学美国第90位康奈尔大学美国并列第91位柏林洪堡大学德国并列第91位巴斯大学 英国第93位加州大学戴维斯分校美国并列第94位卡内基梅隆大学美国并列第94位中山大学中国第96位希伯来大学以色列第97位阿米尔卡比尔理工大学伊朗第98位哥廷根大学德国第99位塞维利亚大学西班牙第100位维也纳技术大学奥地利题主随便选，菲尔兹奖阿贝尔奖都拿过后可以去以上随意一所大学任教，保证你能尽自己的全力在世界数学史上留下自己浓墨重彩的一笔，不对，是一页，也不对，我觉得可能一百年后世界数学史会专门为你开辟一个章节。—————————————————————————以下为原答案—————————————————————————你们没发现吗，这位仁兄ID叫做证明。所以我现在在想，应该是这样。本人（主语）证明（同位语，和“本人”同时作为“我”的代称）出（动词，我理解为发表，写，理解）了（表示已完成）哥德巴赫猜想（宾语）。意思就是“我”出了一个叫做“哥德巴赫猜想”的东西，可能是一本书，也可能是一个册子，也可能是一本画册。但是，如果我理解错误了，敬请指教。我实在是想不到别的理解方式了。当然了，如果你真的惊世骇俗了，以下拿走不谢。（以下资料均来自各学校数学相关院系官网，公开资料不存在侵权情况，持续待更）中国科学院数学与系统科学研究院（谢 @Kiiim 指正）电话：86-10-82541777　传真：86-10-82541972　Email：contact@amss.ac.cn地址：北京市海淀区中关村东路55号　邮政编码：100190北京大学数学学院地 址: 北京市海淀区北京大学理科1号楼邮 编: 100871联系电话：010-62751804邮 箱：mathweb@math.pku.edu.cn复旦大学数学科学学院电话：+86(21)65642341 传真：+86(21)65646073清华大学数学科学系 地址：北京市海淀区清华园1号 邮编：100084电话：010-62783140传真：010-62792401中国科学院大学数学科学学院地址：北京市石景山区玉泉路19号（甲） 邮编:100049（席先生，，算了你尽量别打扰他了）中国科技大学数学科学学院通信地址：安徽省合肥市金寨路96号，中国科学技术大学数学科学学院邮编：230026国内区号：0551常用电话行政办公室：63607263 教学办公室：63601003(本科生)   63601006(研究生)  党委办公室：63601004数学图书分馆：63601008传真：63601005（原缺，现补足）南开大学数学科学学院 | 地址：天津市卫津路94号 | 邮编：300071| 电话：022-23504717（只要你证出来了，我请你吃遍天津名吃。）（哈哈哈话虽这么说不过也轮不到我请啦）山东大学数学学院 网址：http://www.maths.sdu.edu.cn地址：济南市山大南路27号 | 邮编：250100 |电话：0531-88364652 | 传真：0531-88365550（熊庆来等着你）浙江大学数学科学学院邮箱：mathadmin@zju.edu.cn 邮编：310027 电话：0571-87953867（你可以去看看苏步青的手稿）南京大学数学系地址：中国南京市汉口路22号鼓楼校区西大楼 邮编：210093电话：86-25-83592861东南大学数学学院（本条建议略过）（略过不是因为不重要而是因为我没有搜到院系联系方式只搜到了各个办公室的联系电话，，如果真的要打电话给数学学院院长的话还是慎重思考一下吧。。曹进德老师可能实在是没时间接电话的。。）数学系办公室（四牌楼）	  025-83792315	    四牌楼	  五四楼三楼  数学系领导办公室	  025-83792316；0238	    四牌楼	  五四楼三楼北京师范大学数学科学学院地址：北京市海淀区新街口外大街19号后主楼  | 邮编：100875  | 传真：010-58808202上海交通大学数学科学学院地址：上海市闵行区东川路800号数学楼 邮编：200240电话：(86-21) 54743151传真：(86-21) 54743152Address：800 Dongchuan RD Shanghai, 200240 ChinaTelephone：(+86-21) 54743151Fax：(+86-21) 54743152中山大学数学学院广州市海珠区新港西路135号中山大学新数学楼（东南区266栋）天津大学数学学院（我不管我就是要贴）天津大学数学学院地址：天津市津南区雅观路135号第32教学楼，300350邮箱：maths@tju.edu.cn电话：+86 (0)22 27402850传真：+86 (0)22 27402850华中科技大学数学与统计学院地址：湖北省武汉市洪山区珞喻路1037号　邮政编码：430074　电话\传真：86-027-87543231　E-mail：mathhust@mail.hust.edu.cn武汉大学数学与统计学院地址：湖北省武汉市武昌区 武汉大学文理学部樱园(邮编：430070)院内办公室电话:行政办公室：68752957	党委办公室：68752966书记办公室：68752966	院长办公室：68754675科研、外事办：68752957	协同创新中心：68756753本科生教学办：68752958	本科生工作办：68754412研究生教学办：68754907	研究生工作办：68754907实验中心：68752750	院图书馆：68754679《数学杂志》编辑部：68754687	《数理医药学杂志》编辑部：18971013113（原缺，经评论区知友补充）厦门大学数学科学学院邮编：361005 电话：2580608 传真：2580608电子科技大学数学科学学院邮编：611731电话：028-61831280（院办公室）地址：电子科技大学清水河校区 主楼A1区网址：http://www.math.uestc.edu.cn（既然题主收藏了，那我也得做到底。持续待更）（欢迎在评论区推荐，如能附带联系方式更好）本着私心，觉得国家需要你这种三百年一遇的人才（哥猜到现在三百年了）（谢知友提醒修改），就不贴国外的了。当然了，这几个要贴。香港中文大学数学系AddressDepartment of Mathematics,Room 220, Lady Shaw Building,The Chinese University of Hong Kong,Shatin, N.T., Hong Kong Tel(852) 3943-7988 Fax(852) 2603-5154 Emaildept@math.cuhk.edu.hk URLhttp://www.math.cuhk.edu.hk/香港大学数学系https://www4.hku.hk/hkumcd/index.php/eng/unit/42_Department_of_Mathematics香港科技大学数学系http://www.math.ust.hk/about_us/contact_us.php（以上两条由知友  @五更琉璃 友情提供 ）如有冒犯，尚请海涵。最后，上图一张。
nancy-16-40-68 , 很多人在鼓励他，不要因为这次证明的结果，网友们的冷嘲热讽而改变自己对数学的初心。        但我看到的是一位希望借数学帮自己获取一些利益的高中生，他的初心真的是热爱纯粹的数学吗？抱歉我觉得不是。        他让我看到的，一方面是取巧心理在作祟。明明想要考上清华北大可以靠自己的努力，走很多人常规的途径，从高考考进去，但是从他个人主页显示的信息看来，他并不踏实于此。私以为，他只是一个在高中生身份中成绩平平却又想“抄近路”的人而已。        如果想要走和大多数人不一样的路来达到自己的目标也无可厚非，问出这样的问题只是信息缺少，想要找到招生办的老师也完全可以。但是更合理的方式应该是，提问前先让周围可能可以提供帮助的老师帮忙验证过程。而不是在知乎掀起哗然大波，再用“你们都是错的，你们等着被我打脸”的态度，和大家约定时间发布证明，一个发布前并没有给其他人验证过的证明，一个让大家抱着“看好戏”或是支持鼓励心态来等待的时间。问出这样的问题，眼界还是太浅。另一方面，则是对数学缺少敬畏。所以他的态度很容易让人觉得不舒服。哥德巴赫猜想不应该和“保送清华北大”摆在同一个地位上相提并论。（当然，我并不是说这两所大学不够顶尖。只是孰轻孰重大家都知道。）只是，哥德巴赫猜想应该是纯粹的，不应该被拿来和钓名沽誉的事情联系在一起的存在。一旦存在目的，就不对劲了。以上。
lu-ke-jing-83 , 此题已解答详尽，且听我讲点题外话。想起当年在初中及高中学习数字的过程中，本人经常与同学交流。譬如我做出了一题，自认为完美无缺，逻辑缜密，可那与同学一看，他思索一会便能指出我解题过程的漏洞，有时是定理运用错误，有时是公式计算出错，交谈间我对此题也有了新的见解；譬如同学解完题交与老师，老师却打了一个叉，他百思不得其解，处处与人争辩。我看在眼里，也有些许好奇，上前取试卷细看，思索良久，脱口而出“你看，你这里......”数学讲究逻辑，我现在学的医学也是以事实为依据。解题成功与否不能光凭一家之语，题主若解出了哥德巴赫猜想，大可把自己的解题思路与过程上传到知乎上供大家评判或与你的数学老师讨论。就算你的思路出了问题也不用灰心，学海无涯，随心即可。
hello-miain , 会。不过送你两句话:珍爱生命，远离哥猜。（对于连初等数论都没学过的人来说）放弃哥猜证明，享受轻松生活。（适用于所有为哥猜劳心费力的巨巨）自己对号入座吧。字迹
he-liu-hun-29-81 , 如果他能证明哥德巴赫猜想，那他报不报送肯定都能进清华。不是吗？
nan-fang-zai-nan-73 , 你能证明，我就吃屎
chu-shi-feng-mang-57 , 兄弟，我大概率认为你把号注销，老老实实学习在现条件下才是保住面子的方法。如果你不是故意专门过来耍着玩。
hello-miain , 会。不过送你两句话:珍爱生命，远离哥猜。（对于连初等数论都没学过的人来说）放弃哥猜证明，享受轻松生活。（适用于所有为哥猜劳心费力的巨巨）自己对号入座吧。字迹
gong-mi-52 , 目光浅显到认为证明哥德巴赫猜想后考虑清北保送的孩子，你太小看数学了。真正可以完美证明完这个的话，拿下菲尔兹奖不是问题。前人在这上边做了多少工作，用到了多少理论，你如果真的有研究有了解的话，目光早就该放在国外，明年就该出现在普林斯顿作报告了。
Asirsar , 你不会被保送，你会被请去当教授你们不要讲的过分了，给小孩子留一点美好的幻想不好吗？至少幻想的是当数学家而不是炫富耍酷ԅ(¯ㅂ¯ԅ)
a-ke-rui-mu , 你为什么不想想拿诺奖这种靠谱一点的方法那   
bu-chi-mao-de-yu-95 , hiahiahia，你是猴子请来的逗比吗？
 , 你为什么不先去证明p=np然后用计算机暴力证明哥德巴赫猜想呢？
chen-yan-hui-5-88 , 保送清北当荣誉教授么
duan-yi-miao , 不建议用初等数论去浪费时间。
lei-zi-65-88-83 , 同学你好，我不懂什么高深的理论知识，我只是想引用李信固老师的一段话有一些人觉得自己做数学题很快乐，这种酷爱数学的人如果有中等以上的智商那成为数学家就不太成问题了………当然成为数学家还是要有智商。你看有的人特别酷爱数学，但是那智商一看就……呃……中等以下，那肯定当不了数学家~数学做得好的人不一定非得是绝顶聪明的人。酷爱数学的人一天用八个小时、十个小时思考数学问题，你一天就用十分钟思考，那你十分钟能绝顶聪明到哪儿去啊？现实终究是现实，如果1.1号你真的证明出来了，我们，所有中国人，与共荣焉
xia-yang-65-33 , 我也证出来了，我没题主那么俗气，我就想问下证出这个够拿诺贝尔数学奖吗？
wsyzmmx , 完全理解已有的有关哥德巴赫猜想的结果就足够保送清北了。年轻人不要总想搞一个大新闻...
shi-qiao-62 , 题主可能这么想的：陈景润都证明了：1+2=3了，那肯定有人证明了：2+2=4.既然2+2=4，那么(2+2)/2=4/2,所以1+1=2.好了，我证明完了。题主，你的呢？
liu-gen-yue , 就可以直接博士生毕业。不，可以直接评上教授。不，可以直接拿菲尔兹奖。不，这不可能。
lan-yi-65-89 , 如果真有这么厉害，你也不需要在高中奋斗，相信你早已上了大学，从事这方面研究了。还是好好准备高考吧。
 , 如果题主真的证明出哥德巴赫猜想，那将在数学史上留下色彩浓厚的一笔。（前提是得到专家们的认可)保送清北是不大可能了，直接会被大佬机构预定，会满足你合理的条件…………………………………………………………………………作为某二本院校（拉低知乎平均学历）应用数学专业狗，从理论上来说，这不大可能，但从个人情感来说，我希望这是真的等明年1月1号
yan-dou-33-17 , 只正面回答问题：如果前提成立，结果是肯定的。也就是说肯定能够被清华北大数学系保送的。
reciprocity , 1. 如果你只用初等数论知识完成的证明，建议放弃。因为证明错的概率是99.999999%，话说回来，即使你的证明没有问题，一个很严肃的问题是你很难找到一个大学数学老师来花时间验证这个东西。民科或许愿意，但民科一样无法获得主流学术界的认同。2. 如果你的英文还可以，建议将其翻译成英文，挂在arxiv上。挂上去之后你对这个享有完全的著作权，不必担心抄袭问题，同时向国际顶级期刊投稿，如Ann. Math, JAMS, Acta Math等等。怀尔斯的费马大定理的证明就是在Ann. Math. 上发表的哦。一旦在这种期刊上发表，就宣告了你的证明的正确性。而不是像其他答主贴图一样，发表在国内水杂志上，并没有任何卵用
wo-jiu-kan-kan-81-20 , 如果你证明出来了，那么你会被直接收入包括但不限于清华北大的一系列世界顶级大学数学系的抢着要，并且会被一路保送研究生博士硕士，或者说直接被聘为教授，中科院院士都在向你招手，下一届菲尔兹奖应该就是你的了。但我对你能证明出来表示疑惑。
wang-zhi-xing-33-79 , 希望……答主证错了的话大家取关答主。这对认真写文的知乎用户不太公平。以下原文。—————————————————————————我不知道诶。你可以投个科创比赛试试。应该能拿到不少自招降分。申请国外大学可能有点用，但是MIT搞不好不行，他们最近几年在中国大陆收的都好像是国家集训队之类的。Caltech说不定可以，但你的托福SAT得很高才行。我记得Princeton申请的时候要交论文，你可以交一个上去。应该会很有用的。Princeton的RD的ddl是1/1，事不宜迟哦。
lin-feng-ji-yue , 我觉得不是保送的问题，要是真的证明了出了，那就基本上世界名校请你去当终身教授了，还稀罕清北的学生了？但是要证出来这个，首先其实力雄厚，然后得配上天天中彩票的运气才行，也不知道这个高中生两点都占了吗？
nancy-16-40-68 , 很多人在鼓励他，不要因为这次证明的结果，网友们的冷嘲热讽而改变自己对数学的初心。        但我看到的是一位希望借数学帮自己获取一些利益的高中生，他的初心真的是热爱纯粹的数学吗？抱歉我觉得不是。        他让我看到的，一方面是取巧心理在作祟。明明想要考上清华北大可以靠自己的努力，走很多人常规的途径，从高考考进去，但是从他个人主页显示的信息看来，他并不踏实于此。私以为，他只是一个在高中生身份中成绩平平却又想“抄近路”的人而已。        如果想要走和大多数人不一样的路来达到自己的目标也无可厚非，问出这样的问题只是信息缺少，想要找到招生办的老师也完全可以。但是更合理的方式应该是，提问前先让周围可能可以提供帮助的老师帮忙验证过程。而不是在知乎掀起哗然大波，再用“你们都是错的，你们等着被我打脸”的态度，和大家约定时间发布证明，一个发布前并没有给其他人验证过的证明，一个让大家抱着“看好戏”或是支持鼓励心态来等待的时间。问出这样的问题，眼界还是太浅。另一方面，则是对数学缺少敬畏。所以他的态度很容易让人觉得不舒服。哥德巴赫猜想不应该和“保送清华北大”摆在同一个地位上相提并论。（当然，我并不是说这两所大学不够顶尖。只是孰轻孰重大家都知道。）只是，哥德巴赫猜想应该是纯粹的，不应该被拿来和钓名沽誉的事情联系在一起的存在。一旦存在目的，就不对劲了。以上。
dao-xie-ban-hu-ming-yue , 惊闻题主收藏此答案，本人不胜惶恐。若此答案对您的数学研究之路略起了绵薄之力，本人荣幸之至—————————————————————————思来想去，觉得某知友说得对，这种可能让数学腾飞的足以写进世界通史的科学发现，不能固步自封，必须得与世界上其他优秀数学研究者进行交流才可。故特此更新一下榜单，本人对真实性与专业性概不负责。（都说了不负责还吹毛求疵本来就是乐一乐的答案竟然还有来讨论这个榜单的真是。。）根据USNews 2018全球大学数学学科排名世界排名大学名称所在国家（地区）第1位巴黎第六大学法国第2位斯坦福大学美国第3位普林斯顿大学美国第4位麻省理工学院美国第5位加州大学伯克利分校美国第6位牛津大学英国第7位纽约大学美国第8位哈佛大学美国第9位剑桥大学英国并列第10位苏黎世联邦理工学院瑞士并列第10位芝加哥大学美国第12位哥伦比亚大学美国第13位德克萨斯大学奥斯汀分校美国第14位加州大学洛杉矶分校美国第15位明尼苏达大学双城分校美国第16位德克萨斯A&amp;M大学美国第17位威斯康星大学-麦迪逊分校美国第18位帝国理工学院英国并列第19位北京大学中国并列第19位密西根大学安娜堡分校美国第21位伊斯兰阿萨德大学伊朗第22位洛桑联邦理工学院瑞士第23位华威大学英国并列第24位布朗大学美国并列第24位杜克大学美国并列第26位宾夕法尼亚州立大学大学园校区美国并列第26位波恩大学德国第28位巴黎第七大学法国第29位罗格斯新泽西州立大学美国第30位华盛顿大学美国第31位复旦大学中国并列第32位巴黎第十一大学法国并列第32位米兰大学意大利第34位香港中文大学中国香港第35位不列颠哥伦比亚大学加拿大并列第36位巴黎综合理工大学法国并列第36位罗马大学意大利并列第36位成均馆大学韩国并列第39位南开大学中国并列第39位上海交通大学中国并列第39位圣保罗大学巴西第42位京都大学日本第43位新加坡国立大学新加坡第44位天主教鲁汶大学比利时第45位北京师范大学中国第46位宾夕法尼亚大学美国并列第47位多伦多大学加拿大并列第47位维也纳大学奥地利第49位佐治亚理工学院美国第50位加州理工学院美国第51位伊利诺伊大学厄本那-香槟分校美国并列第52位香港理工大学中国香港并列第52位清华大学中国第54位东京大学日本第55位北卡罗来纳州立大学罗利分校美国第56位以色列理工大学以色列第57位加州大学圣地亚哥分校美国第58位莫斯科国立大学俄罗斯第59位里斯本大学葡萄牙第60位艾克斯-马赛大学 法国并列第61位香港城市大学中国香港并列第61位巴黎高等师范学院法国并列第61位密歇根州立大学美国第64位普渡大学西拉法叶分校美国第65位沙特国王大学沙特阿拉伯第66位浙江大学中国第67位中国科技大学中国第68位慕尼黑大学德国第69位北卡罗来纳大学教堂山分校美国第70位米兰理工大学意大利第71位布拉格查理大学捷克共和国第72位俄亥俄州立大学美国第73位维多利亚大学加拿大第74位南京大学 中国第75位新南威尔士大学澳大利亚第76位巴黎第九大学法国第77位柏林工业大学德国并列第78位都灵理工大学 意大利并列第78位贝尔格莱德大学塞尔维亚第80位慕尼黑工业大学德国第81位厦门大学中国第82位格拉纳达大学 西班牙并列第83位帕维亚大学意大利并列第83位耶鲁大学美国第85位华沙大学波兰第86位首尔国立大学韩国并列第87位安提里姆大学土耳其并列第87位圣彼得堡国立大学俄罗斯第89位莱斯大学美国第90位康奈尔大学美国并列第91位柏林洪堡大学德国并列第91位巴斯大学 英国第93位加州大学戴维斯分校美国并列第94位卡内基梅隆大学美国并列第94位中山大学中国第96位希伯来大学以色列第97位阿米尔卡比尔理工大学伊朗第98位哥廷根大学德国第99位塞维利亚大学西班牙第100位维也纳技术大学奥地利题主随便选，菲尔兹奖阿贝尔奖都拿过后可以去以上随意一所大学任教，保证你能尽自己的全力在世界数学史上留下自己浓墨重彩的一笔，不对，是一页，也不对，我觉得可能一百年后世界数学史会专门为你开辟一个章节。—————————————————————————以下为原答案—————————————————————————你们没发现吗，这位仁兄ID叫做证明。所以我现在在想，应该是这样。本人（主语）证明（同位语，和“本人”同时作为“我”的代称）出（动词，我理解为发表，写，理解）了（表示已完成）哥德巴赫猜想（宾语）。意思就是“我”出了一个叫做“哥德巴赫猜想”的东西，可能是一本书，也可能是一个册子，也可能是一本画册。但是，如果我理解错误了，敬请指教。我实在是想不到别的理解方式了。当然了，如果你真的惊世骇俗了，以下拿走不谢。（以下资料均来自各学校数学相关院系官网，公开资料不存在侵权情况，持续待更）中国科学院数学与系统科学研究院（谢 @Kiiim 指正）电话：86-10-82541777　传真：86-10-82541972　Email：contact@amss.ac.cn地址：北京市海淀区中关村东路55号　邮政编码：100190北京大学数学学院地 址: 北京市海淀区北京大学理科1号楼邮 编: 100871联系电话：010-62751804邮 箱：mathweb@math.pku.edu.cn复旦大学数学科学学院电话：+86(21)65642341 传真：+86(21)65646073清华大学数学科学系 地址：北京市海淀区清华园1号 邮编：100084电话：010-62783140传真：010-62792401中国科学院大学数学科学学院地址：北京市石景山区玉泉路19号（甲） 邮编:100049（席先生，，算了你尽量别打扰他了）中国科技大学数学科学学院通信地址：安徽省合肥市金寨路96号，中国科学技术大学数学科学学院邮编：230026国内区号：0551常用电话行政办公室：63607263 教学办公室：63601003(本科生)   63601006(研究生)  党委办公室：63601004数学图书分馆：63601008传真：63601005（原缺，现补足）南开大学数学科学学院 | 地址：天津市卫津路94号 | 邮编：300071| 电话：022-23504717（只要你证出来了，我请你吃遍天津名吃。）（哈哈哈话虽这么说不过也轮不到我请啦）山东大学数学学院 网址：http://www.maths.sdu.edu.cn地址：济南市山大南路27号 | 邮编：250100 |电话：0531-88364652 | 传真：0531-88365550（熊庆来等着你）浙江大学数学科学学院邮箱：mathadmin@zju.edu.cn 邮编：310027 电话：0571-87953867（你可以去看看苏步青的手稿）南京大学数学系地址：中国南京市汉口路22号鼓楼校区西大楼 邮编：210093电话：86-25-83592861东南大学数学学院（本条建议略过）（略过不是因为不重要而是因为我没有搜到院系联系方式只搜到了各个办公室的联系电话，，如果真的要打电话给数学学院院长的话还是慎重思考一下吧。。曹进德老师可能实在是没时间接电话的。。）数学系办公室（四牌楼）	  025-83792315	    四牌楼	  五四楼三楼  数学系领导办公室	  025-83792316；0238	    四牌楼	  五四楼三楼北京师范大学数学科学学院地址：北京市海淀区新街口外大街19号后主楼  | 邮编：100875  | 传真：010-58808202上海交通大学数学科学学院地址：上海市闵行区东川路800号数学楼 邮编：200240电话：(86-21) 54743151传真：(86-21) 54743152Address：800 Dongchuan RD Shanghai, 200240 ChinaTelephone：(+86-21) 54743151Fax：(+86-21) 54743152中山大学数学学院广州市海珠区新港西路135号中山大学新数学楼（东南区266栋）天津大学数学学院（我不管我就是要贴）天津大学数学学院地址：天津市津南区雅观路135号第32教学楼，300350邮箱：maths@tju.edu.cn电话：+86 (0)22 27402850传真：+86 (0)22 27402850华中科技大学数学与统计学院地址：湖北省武汉市洪山区珞喻路1037号　邮政编码：430074　电话\传真：86-027-87543231　E-mail：mathhust@mail.hust.edu.cn武汉大学数学与统计学院地址：湖北省武汉市武昌区 武汉大学文理学部樱园(邮编：430070)院内办公室电话:行政办公室：68752957	党委办公室：68752966书记办公室：68752966	院长办公室：68754675科研、外事办：68752957	协同创新中心：68756753本科生教学办：68752958	本科生工作办：68754412研究生教学办：68754907	研究生工作办：68754907实验中心：68752750	院图书馆：68754679《数学杂志》编辑部：68754687	《数理医药学杂志》编辑部：18971013113（原缺，经评论区知友补充）厦门大学数学科学学院邮编：361005 电话：2580608 传真：2580608电子科技大学数学科学学院邮编：611731电话：028-61831280（院办公室）地址：电子科技大学清水河校区 主楼A1区网址：http://www.math.uestc.edu.cn（既然题主收藏了，那我也得做到底。持续待更）（欢迎在评论区推荐，如能附带联系方式更好）本着私心，觉得国家需要你这种三百年一遇的人才（哥猜到现在三百年了）（谢知友提醒修改），就不贴国外的了。当然了，这几个要贴。香港中文大学数学系AddressDepartment of Mathematics,Room 220, Lady Shaw Building,The Chinese University of Hong Kong,Shatin, N.T., Hong Kong Tel(852) 3943-7988 Fax(852) 2603-5154 Emaildept@math.cuhk.edu.hk URLhttp://www.math.cuhk.edu.hk/香港大学数学系https://www4.hku.hk/hkumcd/index.php/eng/unit/42_Department_of_Mathematics香港科技大学数学系http://www.math.ust.hk/about_us/contact_us.php（以上两条由知友  @五更琉璃 友情提供 ）如有冒犯，尚请海涵。最后，上图一张。
zhou-chen-24-78 , “2019你打算怎么跨年？”“看知乎高中生证明哥德巴赫猜想。”
 , 作为一个特别喜爱数学的人，听着徐迟的报道文学长大，谁没有做过证明哥猜的美梦呢。遗憾的是，这只能是我的一个梦而已。
zhao-jin-ming-25-39 , 可以的 可以去带学生了
zhao-heng-chong-40 , 如果证明了的话，全世界高校随你挑，而且是教职不是学生。
ken-gong-38 , 抵制民科，这个家伙说的话，就跟给我一个刻刀，我可以刻出CPU芯片一样无知。他不知道CPU从外观上看就是一块正方形的芯片，刻出来非常容易。但是在行内人眼中只会觉得他是个睿智！！！
cao-che-da-da , 我证明了黎曼猜想 2019年2月29日 知乎公开发表论文 欢迎观看中美合拍的...开花......
su-yibai-32 ,   能坐飞机去美国的你非得游泳去。。
chen-zhi-cheng-97-20 , 如果题主真能证明得出，我就在本回答的评论中随机抽中一位关注我的知友，赠送Feather AS D2 不锈钢手动剃须刀一把，绝不食言。
liu-shui-xian-ji , 给你们这些说作者民科的普及一下哥德巴赫猜想，其实是有可能证明出来的。哥德巴赫猜想，1787年由英国著名数学家歌德在法国提出，当时的歌德贫困潦倒，借住在自己祖父哥白尼·巴赫在法国的家中，12月7号，歌德在当时的世界数学家大会上提出自己的猜想，任何偶数都可以由两个质数相加所表示。为了感谢祖父对他数学事业的支持，将其命名为哥德巴赫猜想，同时歌德还提出，在未来两百年以内，该猜想无人能够证明。结果歌德真的一语成谶，直到1978年世界数学家大会上，哥德巴赫猜想依旧无法被证明。经过两百多年，无数优秀数学家，例如陈景润、华罗庚、毕达哥拉斯、切尔斯曼·曼伡而，通过无数积累和论证，2018在英国召开的世界数学家大会上，哥德巴赫猜想被世界优秀数学家们一致认为，将会在未来五年之内证明。
inner-voices , 世界上没有一所高级院校会拒绝一个解决哥德巴赫猜想的人成为他们的名誉教授
lan-yi-65-89 , 如果真有这么厉害，你也不需要在高中奋斗，相信你早已上了大学，从事这方面研究了。还是好好准备高考吧。
chen-yan-hui-5-88 , 保送清北当荣誉教授么
xie-kai-nan-4 , 如果能证明，还想着保送…有点追求，直接拿学位吧！
stranger-41-57 , 我的想法是，如果你能证明这个猜想，也许你找到了素数的通式且证明了这个成立，这样，黎曼猜想估计你也没问题了。可能你有别的方法绕过了这个，那么哥德巴赫猜想有两种可能存在情况4（2+2），（2k+1）+（2u+1），大于二的素数一定是奇数。那么你如何证明这个2k+1以及2u+1是素数呢？也许你有别的方法完全不同于我的思路。反正我一看哥德巴赫猜想就知道，这不是我能证明的。也许你是个天才，要不你证明出来以后把过程发给Harvard，也许人家愿意提供全额奖学金录取你，还上什么清北啊
da-ye-yu-31 , 加油小朋友，最起码你有比很多成年人多得多勇气。
gong-sheng-fan-75 ,   有高中生能做到的话，我会紧紧抱住他的大腿。因为他肯定会被哈佛麻省争着聘用为教授了。  一般的民科还是做梦的时候想想就算了。这种级别的数学证明需要最顶尖的天赋加上系统性的数学学习，还要耐得住十年如一日的孤独。
anomymousah , 答:会真的看不下去了，很多冷嘲热讽的答案看上去好酸啊，恕我直言，可能骂的里头估计有百分之七十的人当年高中数学水平都不如提问者
zhang-kai-31-46-44 , 虽然我觉得很大概率又是个民科，但是啊心里还是想着，万一呢？
 ,    不能，因为此猜想已经被我民科吧广大吧友证明过不知多少次了。
jiang-wen-ji-97 , 我很支持新的想法，青年人难道不是创意无限吗，为什么你们有的人一边讽刺中国教育，一边有对这个孩子冷嘲热讽，我看过一个匿名的评论，貌似是他的高中老师，我不认为你们拿出陈景润先生的言论，去说这个孩子，陈景润先生所说的初等数学会让他的高中老师都看不懂吗，鲁迅先生也说过，人性思想的解放必须同时代，才是真正的解放。现在的你们同鲁迅笔下的涓生有什么不同
bei-shan-chi-ren-43 , 虽然在知乎的圈子里我只是一个菜鸟的菜鸟，而且也不是数学系班子出生的，但是从接受这么多教育来看，而且也对数学分析有点小研究，我的观点是：任何的成就都是需要时间和精力积累的，不可能是只学过初等数学能解决哥德巴赫猜想的。坐等1月1号。
yi-ming-46-88 , 作为一个高中生 我并不觉得你可以搞得出这玩意儿....我们初中数学老师是暨大毕业的研究生，数学系。他曾经跟我们提过这个猜想，然后他告诉我们，只有真正出身数学系的才知道这玩意儿有多难，需要的理论基础不是一个高中生可以掌握的。当然，如果您真的证明出来了并且得到学术界承认，当我没说，我真心钦佩。如果没有，希望题主放下这些不切实际的东西，认真学习高中的各科知识，希望可以在好的学府和你成为校友。图是我问了老师的
wo-shi-zhe-zhi , 建议这位同学在证明间隙休息休息 去b站看一看由水王本人倾情演绎的网络观察室sp 他的父亲赵火龙也是一名杰出的物理学家
bai-ye-han , 如果是真的你会被历史铭记
guang-tong-di-guang , 那一月一日我们知乎见？占坑
fancerg , 加油，保持对数学学习的兴趣。即使没有进名校，你还有成功的机会。
 , 也算是见证历史了期待打脸嘿嘿嘿
lan-chen-5-24 , 其实如果一个高中生能够做到以下能弄明白证明哥德巴赫猜想有多难看得懂前人的证明思路并且能让清北的人知道他是在没有外人帮助下弄明白的上面两点公费上麻省牛津斯坦福，一学期下来政府学校还倒贴钱给你都不算大问题 。
cao-lei-12-57 , 不会被保送清北，但会被直聘为教授
shao-yu-ming-41-84 , 直接一点如果你要真正明了哥德巴赫猜想，就把论文发专业平台吧，不过那个基本发表费用挺高的的，在知乎上上用处不大，另外介意题主去一下民科吧。
yan-xiao-han-68-1 , 请问我投几次胎能这么牛逼
 , 知乎上该问题的题主提出了这个问题，引发了严重的恐慌，故禁止其参加高考一年。回答https://www.zhihu.com/question/306537777 问题的一些用户说“不能”，引发了严重的恐慌，故被禁止参加2019高考。
wo-men-de-zheng-tu-shi-xing-chen-da-hai-53 , 看到题主让我想起了我高中时用自己的方法证明出了狭义相对论中的那几个公式，但现在再看就会发现真的有很多关键步骤证明的很“牵强”，希望楼主能够比我强，期待你的大作
zuo-shou-guang-yin-55 , 有一天我去开会，到场的有上万人，我问在座的每一位同学小朋友 ，我这个《关于哥德巴赫猜想的证明》一次都没有看过的请举手，没有一个人举手，什么叫国际数学家啊？  还看过我们现在的一些论文，哥德巴赫和欧拉都谈起恋爱来了，哥德巴赫叫欧拉叫拉拉，欧拉叫哥德巴赫叫赫赫，几何不分质素颠倒，有意思吗？甚至把哥德巴赫变成数学史上的情种，这是非常要不得的，那不是我们搞数学猜想的要做的事情。  数学文化浓缩起来就是哥德巴赫文化，哥德巴赫文化就是高中生精神，读懂了我就读懂了整个数学界。  我还看过哪个论文里，哥德巴赫猜想是这么推导的，一点精气神都没有，那不成了无效证明。  有位民科跟我说啦，他说高中生先生啊，你回去跟我们的学生讲，数学上古今中外不缺可歌可泣的爱情故事，请给哥德巴赫留下一片爱情的净土。我就一直讲，戏说不是胡说，哥猜不是乱猜。你用高等数学来证明哥德巴赫猜想是要向本国数学界谢罪的。 刚才有个小朋友就问啦，他说高中生叔叔，哥德巴赫猜想在证明的时候有几个数论知识啊。  去清北讲课的时候有个收费人员把我拦了下来，看了我的教师资格证，说：您这证书是假的吧？我说，是真的。他又说：您不是姓哥吗？  一个数学领域没有自己的猜想是可怕的，有了猜想却不去证明是可悲的，如果有高中生证明出来却不被承认是可耻的。 我的哥德巴赫猜想，在陈景润面前，pia，对面门里里面出来个老头，我本子一摔，钢笔一扔，上下一打量，哦这是个没证明出哥德巴赫猜想的数学家，太菜！就这么简单，很难再看出别的情感，如果对面门里出来了一个老头，我一看哇这个老头太帅气啦，是不是可以跟我发展一段基情，我是做不出来。苦练初等数学，笑证三大猜想。 我的新书《听高中生说哥德巴赫猜想》、《高中生品数论》、《哥德巴赫猜想（圣诞节珍藏版）》、自传《天才高中生》已出版，两手翻花，文理百家齐炸，请大家多多支持！
wang-long-xuan-94 , 期待博主一月一日的证明！
wang-jia-chun-1 , 请清华、北大的数学教授到中学生这里补课吧！
da-shu-ge-ge-51 , 事实也好玩笑也罢请至少尊重别人:)
wa-dong-de-hou , 为什么你们总跟哥德巴赫过不去？
fu-qia-fu-69 , 还上什么清北，去哈佛当教授吧
zhou-nai-shuai , 忽然看到这个问题，表示支持，宿舍肥宅水还有花米准备好啦！吃瓜，等待震撼场面！
yu-ze-jun-jie , 我是个学美术的但是我很乐意见证历史和天才的诞生祝你成功
cyyyy-1 , 我真的想吐，你成功的引流了
liang-liang-bo-feng , 留坑，期待答主1月1日的论文，希望是真的
withnagi , 你，山口山千年来不世出的大领主，横扫了宇宙中的极恶势力燃烧军团，一举击败最强邪神萨格拉斯。歼星舰、圣光炮、魔能机甲，什么样的神级科技没见过？结果回到地球，转身又拿出了原始的投石车、弓箭，试图争霸世界……——————————————————————————————————————中学时，有一阵我喜欢在上课时写小说，对自己的文采颇为自得，认为自己写的文章“完美无瑕，无懈可击，掷之地亦有金石声”，将来成为下一个韩寒问题不大。那时写的小说，现在已经不知道扔到哪里去了……有远大理想是好事，但理想不是买彩票撞大运，从来都是一步一个脚印走出来的。如果你的理想不是证明哥德巴赫猜想，而是保送清华北大，那你很可能并不具备实力摘取这颗“数学皇冠上的明珠”。
lzds-35 , 看了这么多回答，我表示蓝翔得罪你们了吗
diao-jun-36 , 虽然可能会有很多人来否定你，即使是我自己也认为你能正确证明出来的几率非常小，但是我还是支持你喔！ 同学加油！
 , 此事还是请你自己定夺，你说你能证明你就能证明，你说你能去清华北大你就能去清华北大。
xia-he-qiao-ni-you-de-yu-84 , 我一点也不觉得一个能证明哥德巴赫猜想的人会蠢到把论文发在知乎上。。。
li-quan-hui-81 , 首先你得明白哥猜要证明什么，。
withnagi , 你，山口山千年来不世出的大领主，横扫了宇宙中的极恶势力燃烧军团，一举击败最强邪神萨格拉斯。歼星舰、圣光炮、魔能机甲，什么样的神级科技没见过？结果回到地球，转身又拿出了原始的投石车、弓箭，试图争霸世界……——————————————————————————————————————中学时，有一阵我喜欢在上课时写小说，对自己的文采颇为自得，认为自己写的文章“完美无瑕，无懈可击，掷之地亦有金石声”，将来成为下一个韩寒问题不大。那时写的小说，现在已经不知道扔到哪里去了……有远大理想是好事，但理想不是买彩票撞大运，从来都是一步一个脚印走出来的。如果你的理想不是证明哥德巴赫猜想，而是保送清华北大，那你很可能并不具备实力摘取这颗“数学皇冠上的明珠”。
zhou-nai-shuai , 忽然看到这个问题，表示支持，宿舍肥宅水还有花米准备好啦！吃瓜，等待震撼场面！
luo-bu-xiao-niu-er , 我只想说...如果他真的证明出来了呢...希望每一个人都去支持热爱数学的人青年人的年少气盛不可避免我们应当做的是去鼓励他们，使求他们上进，并且有理有据的指出他们的不足而不是冷嘲热讽希望每一个热爱数学的人都被世界温柔相待
guan-mian-tang-huang-87 , 给我们上数学分析的老师，一到课间和我们聊天的时候就喜欢说他到数学所上班的时候经常会被民科拦下说他证明了哥德巴赫猜想或者费马定理。。然后吐槽说几页论文压根没用几个数学公式，全是自然语言叙述。。。我猜题主多半也是这种情况
mi-tian-cheng , 我觉得，就等一月一号吧，这个世界从来不缺天才，也不缺投机取巧之徒，在不知道情况的状态下，没有必要讽刺，说什么不可能，时间会证明他到底是真大神，还是偷奸耍滑之辈。所以少一些网络暴力，多一些耐心与冷静。
 , 可能会吧有什么意义呢？现在的学校不是和以前读四书五经一样？看个分数罢了对那些他们不懂的不敢想的不接受的不一样的他们全都叫做二  逼有些事情从始至终就没变过
huo-miao-15-11 , 不管是真是假。大家不妨听听这个不一样的声音。别急着站出来反对。科学欢迎质疑。欢迎这些大胆的想法
da-huang-is-here , 你都能证明哥猜了，还要清北的入取书干嘛？
marvel-66-32 , 看到很多人对这个事件冷嘲热讽  我也是无语了  人们都忘了前些年方舟子是事情了吗？  具体人名记不清了  对一个普通人的引力波理论冷嘲热讽  与今日又何其相似！何况还是知乎这个整体素质很高的平台上   中国很多层面都较之国外差一截不是没有原因的   国人的态度说明一切
ji-ji-chao-ren-33 , 有个高中同学，质疑哥德巴赫猜想，而且是有论证的，然后找我们年级里的数学老师问，数学老师吱唔过去了，说没他想的那么简单……然后他被清华北大双双保送了，数学竞赛上的。
zong-ren-31 , 不管这证明成功与否，不管你这个想法正确与否，抛开所有的是非不谈，愿你能永远拥有这样的少年心气，敢于挑战一切的勇气和一颗追梦的心。
rip-40 , 如果先证明了P＝NP,再去证明哥德巴赫猜想会不会更简单呢当然先证明P＝NP是你最难赚到一百万的方法了
 , 不要修拖拉机了！
euler-31-74 , 看头像，耍猴呢。。。
tu-ge-40-20 , 总感觉是骗关注的，不过也正常，小朋友总有些不切实际的想法
 , 你这个叫apply for professor
 , 我感觉题主的头像表情已经说明了一切……朋友们还在认真回答这个问题吗？1:在数学天才面前吾辈浅薄之思想如猿猴一般可笑2:毫无自觉参加社会学实验而发起群嘲的我们不过是一群可笑的猴子不过我倒觉得题主是个营销学天才要不要顺便去拯救下锤科？
da-ye-yu-31 , 加油小朋友，最起码你有比很多成年人多得多勇气。
withnagi , 你，山口山千年来不世出的大领主，横扫了宇宙中的极恶势力燃烧军团，一举击败最强邪神萨格拉斯。歼星舰、圣光炮、魔能机甲，什么样的神级科技没见过？结果回到地球，转身又拿出了原始的投石车、弓箭，试图争霸世界……——————————————————————————————————————中学时，有一阵我喜欢在上课时写小说，对自己的文采颇为自得，认为自己写的文章“完美无瑕，无懈可击，掷之地亦有金石声”，将来成为下一个韩寒问题不大。那时写的小说，现在已经不知道扔到哪里去了……有远大理想是好事，但理想不是买彩票撞大运，从来都是一步一个脚印走出来的。如果你的理想不是证明哥德巴赫猜想，而是保送清华北大，那你很可能并不具备实力摘取这颗“数学皇冠上的明珠”。
heng-ji-yi-jie , 作为同龄人，我想默默的为该同学打个气有这种在知乎上面对群嘲的勇气，你就已经很优秀啦，就算证明是错的，也不要气馁鸭!
 , 这个世界是怎么了？怎么这么多冷嘲热讽的人。证明了又怎么样，没证明又怎么样。高中又怎么样不是高中又怎么样，别人还不能有个梦想吗？  万一真的是个天才呢，另辟蹊径，找到了一天新路。可是就是犹豫你们种种嘲讽，变得怀疑自己，不敢正视他，社会的莫大悲哀。  好高骛远，那也是别人的事，谁年轻还没摔过一个跟头啊。装了南墙才知道回头，不涉深山，又哪知天地之大。这才叫做成长啊，总比你们一个个认命了的，向命运低头了的人好吧，完全就是一百步笑零步，逃跑的多的逃兵在嘲笑还没有跑的，"傻子，你怎么打得过敌人，你能一打一千一个吗？"。逃兵！嘲笑着一个想要拼搏到最后的人，还想要鼓动别人和他一起逃跑。  社会的悲哀。
 , 加油吧，莫言没上过清北也得了诺贝尔文学奖。你没上清北也可以证明哥德巴赫猜想。
jiu-dai-mu-34 , 其实我早就证明出来了，但我还是想考一下你们这群凑弟，所以我不说，懂8？
liu-xing-min-19 , 我觉得用锄头不能挖到地心，就算你努力加强自己，提升到挖掘机也不行。
star-46-59 , 你可以在清北自招的面试中提及你的自我炒作能力，可能有点用毕竟一个能较为精准地抓住受众的痛点和网络媒体的爆点的高中生还是不错的，比如，，，，一，利用受众对于哥猜和清北的关注度二，利用哥猜，清北和普通高中生之间的强对比度三，预定时间，制造痛点不得不说效果还蛮不错的当然，至于你能不能通过清北自招初审就，，，毕竟还是一个目标在河北大学的，连空间向量都搞不定的高中生嘛 
wu-yi-kai-57 , 我想知道这是哪个天才提的兄弟问题：如果一个初中生统一了四大基本力，那么可以保送山东蓝翔吗？
 , 哥德巴赫猜想也是一个不小的难题，一个高中学生若真的给出了一个让全世界数学家认可的解释，他的才学水平不是清北能容纳的，甚至可以说不是任何大学可以有资格以学校招学生的路子吸收他的。如果要吸收，至少也应该有个客座教授的身份。
qq100253646 , 可能会拿诺贝尔奖「滑稽」
 , “那！当然可以啦！”“北大请你来当教授！”——李伟固
de-zhi-zhe-de-tian-xia , 小老弟，高考全国卷750分进清华可能更简单一点儿(๑•ั็ω•็ั๑)
xu-zhi-huang-99 , 那就只能恨数学没有诺贝尔奖了
liuren-98 , 华大学配不上你，真的。去北大吧：北京大学数学学院地 址: 北京市海淀区北京大学理科1号楼邮 编: 100871联系电话：010-62751804邮 箱：mathweb@math.pku.edu.cn
lin-xue-qiong-21 , 按照门槛交叠效应，会当选地球帝国皇帝。
liu-shuo-12-81 , 要看基本功的，看你有没有基础进行以后的研究。如果就是靠鬼使神差证明个猜想就让你进，你进来了又有什么能力搞新研究？就让你每天表演你的证明过程吗？
edward-xu-35 , 大概会被保送到清北数学系教书=.=而且堆垒素数论真的是高中生能搞的东西么=͟͟͞͞ʕ•̫͡•ʔ
mo-gu-mo-gu-67-12 , 我就搞不懂了，连哥德巴赫猜想都不会证是怎么考上高中的？
EsseEstPercipi , 把原文稿打印好，以各种邮寄方式邮寄一份给自己，收到之后不要拆封。当然还有各种电子邮箱自己发给自己等等。做好了时间戳，能证明确实是你最先想到的。保证别人无法窃取你的“果实”（起码在国内保证这一点）只有实质存在的证据，才能在法律上证明这是你的成果。不然别到时候冒出来什么人，说他半年前就做出来的东西你给偷了啥的。万一你俩都没证据咋整。然后明天白天把邮寄的事都弄好了，明天晚上就把你的证明发出来。【后天】联系知乎把这个问题关闭。算上今天，最多忍这个问题3天，忍不了多存在一天。p.s.别忘了提前照两张喝营养品的照片放网上。什么忘不了3a脑营养胶丸啥的。代言起来方便，有提前做铺垫的话，衔接起来比较自然。
qq100253646 , 可能会拿诺贝尔奖「滑稽」
a-piao-xiao-jie , 可以，你不光会被保送清北，你甚至还可以获得诺贝尔数学奖以下为原答案题主可以考虑去和这个保安大叔较量一下，就可以直接把你的成果给研究所的人看了 
he-zhi-kuang , 关注这个问题也有好几天了，看了这么多回答，现在第一个想法就是：各位你们还记得这个问题的题干是啥吗？就我看的大多数回答而言，各位答主答的问题完全可以改成：如何看待 @证明 声称自己将在2019年1月1日于知乎发表论文证明哥德巴赫猜想的行为？说真的，题主你能不能证明哥德巴赫猜想我不敢说，但至少你的群众号召力和舆论掌控力已经得到了十分充分的证明。如果你1月1号真的能证明出来的话，我谨代表清华大学所有数学系教授欢迎题主的光临，也为中国有这样的天才高中生而感到骄傲。如果你不能的话...那我也谨代表UC震惊部欢迎您的到来，祝题主能在传媒领域开创属于自己的另一片辉煌。
liang-guo-94-96 , 不会保送他们会直接请这个天才去做教授，顺便给个院士当当。
yuan-li-ming-62 , 记得那时我还在上初中。有一次作业是解函数。具体题目我忘记了，但最后结果我算出来类似 1+1=3 之类的结果。我心想这明显是错的，于是我又埋头重新算了几次，但每次都是跟原来的结果一样。但我还不死心，继续用了不同方法又算了很多遍，但还是一样。然后，我崩溃了，放下了笔。在抬头的那一刻，我开始怀疑我所学的数学以及我所在的这个世界。我以为我发现了足以击溃现行数学理论体系的重大事件，于是我继续研究，提出了数字符号并不能代表具体数字，即符号4在某些情况下并不能表示有4个某种东西，符号4可能是3具体意思的符号表达等一系列理论。最后正当我以为一位足以改变数学界的新星冉冉升起时。 我发现，我把题目看错了............
la-la-la-4-25-46 , 这里有个简单的习题，你能解决的话也能上清北，哥猜都有了，有时间试试这个吧。任何一个正整数经过以下规则重复使用总能变成1：如果是偶数，减小一半。如果是奇数，乘3再加1。比如5-16-8-4-2-1
liu-yu-he-38 , 以我本人对高中经历的了解，个人认为， @证明 你有很大的可能性是在抖机灵。十八岁上下正是搞事的大好时光，比如当年，我们把可乐瓶盖大小的钠块扔进小便池，还有人把足球大脚开进路边的车窗里。在知乎组织一场闹剧，这鬼捣的规模远超我们当年，可是危险系数几乎没有，还是可以理解的。不过即使没有人身伤害，网络暴力的能量也超乎大家想象，看看德国boy的经历你就懂了。希望你日后，能够因导演这场闹剧而得到更多的成长，并且产生的心理阴影尽可能少。（12月27日追加）今早看到了你的这篇声明：https://zhuanlan.zhihu.com/p/53378543我的态度是，不管那位匿名答主是谁，如果你本着抖机灵的态度掀起这场风波，你都不会承认他是你的老师。所以，我的看法不变。（12月29日追加）目前看到题主的动态，似乎真的去看了些论文机构。但在此我劝题主尽快收手，你的机灵抖得太大，有些刹不住。这样下去，我担心你在元旦收到的网络暴力强度、以及潜在的人肉搜索危险。须知，德国boy的初衷是好的，尚且受十几年的网络暴力困扰、而且中途还出现了很久的心理问题；你相比他，积极的成分小太多，你将遇到的攻击，很有可能比他的极端得多。
ran-ran-ai-ni , 爷真的佛了，一帮数学大手在这批判提问者问题无知暴露智商，人家就是给了一个前提假设，你爱答答不爱答憋着就好，又没说他觉得高中生能证明出哥德巴赫猜想，被你们这顿嘲讽和鄙视，就好像显得你们知识多渊博一样，知乎比这前提不现实的问题多了，也没看哪个问题提问者被这顿怼的，辣是真滴牛批，出来这么多数学教授
ban-zhi-jun , 如果我能打破跳远的世界纪录，我会有资格被选进省队吗？如果我长得和吴彦祖小李子一样帅，校花会不会对我另眼相看？事实上，证明哥德巴赫猜想这个事件的意义和难度要远远大于保送什么的行为，所以我认为这是一个荒唐的命题。其实问题者认为保送本身就是一个终极理想的人生目标，从而寻求一种超自然的外力达到对目标征服的意淫。可是，你知道真正的天才是怎么样的吗？当伽罗华在孤独而凄冷的深夜，面对着即刻的死亡，在纸上潦草而绝望地挥洒自己无与伦比的数学天赋的时候，他可能宁愿自己不是那个天才。当梵高的眼前只有混乱而绝美的星夜，颤抖的笔触无法触及爱人的心灵，旷世的才华却被巴黎美院的专家踩在脚底，他可能宁愿自己不是那个天才。伟大的天才要忍受伟大的不幸。他们想得到世人的认可，谋求一个被社会公允的“位置”时，他的天赋的发泄却早已远远超过那个无聊的位置，到了高的光明之处，就像高飞的伊卡洛斯，他们从不在乎明亮的阳光会烧灼自己闪亮的羽毛。
bai-chi-17-7 , 如果真的这么简单可以做到我为什么要学四年数学分析，高等代数，解析几何，常微分方程，复变函数，实变函数，泛函分析……我最讨厌民科的地方在于，否定正规高等院校出来的人的一切，试着用自己的一套理论体系解释一切。
iaushyj , 别说保送了，直接给你博士毕业都行，世界top10你随便挑。问题是你得真证出来了才行不但不知道自己“证明”了个什么难度的东西，也不去想着发论文，还挑在1月1日公开，你就是中二病发作了而已
 , 高中生证明哥德巴赫猜想，一定刻苦努力地学习了加性数论等领域，讲到刻苦努力、百折不回，我就想到唐僧师徒四人西天取经克服种种磨难最终修成正果，取回真经。今年下半年，中美合拍的西游记即将正式开机，我继续扮演美猴王孙悟空，我会用美猴王艺术形象努力创造一个正能量的形象，文体两开花，弘扬中华文化，希望大家多多关注。
 , 你说理解的和你认为的不在一个层级上。高中生的水平，估计摸不到那个边。和知乎上成年热能不能徒手打死老虎一样。
gu-tian-ming-yue , 来知乎果然能学到大神们的各种思维方式～相比证明，这个问题能在知乎上热点，其过程目的更令人深思～
sssheng , 我高中的时候看网络小说，就特别喜欢这种装逼打脸的剧情，主角总能用金手指做到大家都不相信能做到的事。前期铺垫得越长，主角打脸时就越爽。我的意思是，题主觉得自己证明出来了，不去发论文，却要先造个势，还预告了时间——全套流程走得还挺熟练。希望大家的建议事后题主能听进去一些，不然整件事的基调就挺悲哀了。
pinelliaternata , 不会被保送，会被聘请。
 , 如果高中生能写出可以获得诺贝尔文学奖的小说，能被清华北大的文学系保送吗？我将会于明年年初写这本小说，努力在书中塑造一个正………两开花，两开花。
 , 这位同学勇气可嘉，说到哥，很荣幸在西游记扮演过猴哥，今年下半年，正式开机，继续文体多多关注。
dai-yi-wei-47 , 都说中国学生数学厉害，不是吹的，证明了哥德巴赫猜想也就保送清北。
a-piao-xiao-jie , 可以，你不光会被保送清北，你甚至还可以获得诺贝尔数学奖以下为原答案题主可以考虑去和这个保安大叔较量一下，就可以直接把你的成果给研究所的人看了 
chai-bin-20 , 我没有获得诺贝尔医学奖是因为我的能力太差。题主没有获得诺贝尔数学奖是因为诺贝尔奖设置得太差。
LuJianlong , “如果能打败弗利沙，会被龟仙人特训班保送吗？”
wang-yuan-13-52-38 , 谢邀。身为一个物理人士没有什么过多的评论可言。但是听说题主，要发布证明的那位需要投稿。我可以很明确的告诉你，你这样大牛级的工作就应该投在nature，science这样的期刊上。如果你的英语水平不够，我可以帮你，给我个三作就好，我甚至还可以帮你修改论文的学术规范要求。也许，你将会是第一个得到菲尔兹奖的本土中国人。这样我也能吃个瓜青史留名。    不谢。送我上去，让原po看到。…………切割线…………后续，另外我在清华数学也有几位认识的教授。如果证明是真的，可以立刻帮你通知。
 , 建议你放弃对哥德巴赫的证明，好好学习竞赛课程吧。争取竞赛搞出成绩获得保送或者降分的资格，不一定非要去北大清华数学系，但一定要去一个好一点的985的数学系，这样才可以获得一些资源。这是我真心实意的建议。因为对于一个想要从事数学研究的人而言，环境太重要了，连付云皓这样的IMO两次获得金牌的人目前想进入前沿数学的研究都有难度，如果考不上好一点的大学的数学系，几乎只能沦为民科。研究哥德巴赫猜想对绝大多数人而言（包括99%的北大数学系教授）几乎等同于浪费时间，因此这会让你离“好的环境”越来越远。
meng-xin-43-24 , 这可能就是数学民科比计算机多的原因。因为证明这东西没法很好的去检验对不对，需要真正懂行的人去仔细检查证明漏洞。自以为证明很对，其实完全算不算上证明。就拿简单的证明1+1=2证明举例很多人证明就是：你有一个苹果，我再给你一个苹果，于是你有了两个苹果，证毕。甚至还有人证明是：设1+1=n如果你说1+1大于2的一个数n。那么我向你借n=10000块钱，最后还你1块钱，再还你一块钱。如果你说1+1小于2的一个数n。那么我向你借1块钱，再向你借1块钱，最后还你n=1块钱。你是不是不同意？既然不同意你就默认了1+1=2。对不对？证毕计算机系一点的证明会这样写：根据计算机课本中的自然数定理简化版本：    0是自然数    每个非0自然数的值等于前一个自然数＋1根据定理和数学归纳法可证：0+1=1，1+1=2证毕。数学系一般这么写：根据定理:0是自然数。每一个确定的自然数 a 都有确定的后继数 a' ， a' 也是自然数。0不是任何自然数的后继数。不同的自然数的有不同的后继数。任意关于自然数的性质，如果证明了它对自然数0是对的，又假定它对自然数n为真时，可以证明它对 n' 为真，那么命题对所有自然数都真。然后用以上5条公理来证明很多声称自己会证明的其实还没有搞清楚“需求”就开始动笔和专业人士讨论完全不在一个层次。导致无法沟通，这也是民科泛滥的原因。我觉得的比较有可能的情况就是，民间自嗨。清北招生处完全不会鸟你。我觉得的比较有可能的情况就是，民间自嗨。清北招生处完全不会鸟你。我觉得的比较有可能的情况就是，民间自嗨。清北招生处完全不会鸟你。如果真觉得自己牛逼就去当黑客，别去搞数学证明。黑进北大清华官网自然就会引起重视。不录取你，你就不停的黑学校网站导致学校系统瘫痪，最后社会引起舆论之后，想不录取你都难。一般理论界的民科都多得很，因为无法判断。一旦落实到具体的工程项目，考察你做没做成，而不是会不会做的时候，民科都跑了。
sun-lin-ke-13 , 如果你拥有了虫族的控制权，要怎么先赚一个亿？
mu-wei-33-5 , 谢邀。我不是专搞数学的，不过就我浅薄的数学水平对哥猜的了解来说，提出这个问题，应该是还没证明出来。简单地说，目前哥猜的意义不在于哥猜本身，而在于证明的过程。之所以一直没有被证明，一般认为两种可能原因：一，没有足够好的工具，包括数学工具，也包括计算机；二，目前的工具已经够了，只是还没有人能提出足够严谨的证明思路。话说回来，如果这位高中生真的证明了，那么不论是走第一条路——自己研发出了一个工具来证明，还是第二条路——设计出了足够严谨的证明思路。他所需要的，就不是清北本科的资源了。这样的人才，从教育的角度来看，完全可以自己翻看教材学到极致；从结识数学大牛的角度来看，他不需要主动；从学历的角度来看，他的能力足够碾压“学历规则”。清北本科还有什么可以吸引他的么？帅哥美女？目前还没开箱，谁也不知道结果。如果真的证明出来了，建议这位同学提高一点眼界，不要只想着保送清北本科，起码往殿堂看看；如果假的，也不要灰心，因为哥猜就像希尔伯特说费尔马大定理“一只会下金蛋的母鸡”，你不一定要想着吃这只母鸡的肉，能让它下出蛋来，也是莫大的本事。
miao-tian-yi-73 , 不能。但是可以保送位于北京市西城区德胜街道德外大街西社区的首都医科大学（CMU）附属北京安定医院
xiaomm8341 , 年轻人,好好学习,不要整天意淫!还有,不要学基础学科,真的是一毕业就失业,张益唐还是北大数学系呢,结果博士一毕业就失业,没老婆没孩子没钱没房子,送外卖洗盘子去了,好在后来有点成果了,所以,年轻人,好好学习,不要意淫,清华大学数学系又如何?我真的不稀罕,在大家都向钱看的时候,学数学能转变成钱吗?
LuJianlong , “如果能打败弗利沙，会被龟仙人特训班保送吗？”
 , 在这个问题下为题主祝贺叫好的诸位忘了凡伟了吗？如何评价凡伟提出的电荷不存在理论？立个flag，这题主要是能证明哥猜，我哈士奇的哈字换个部首。
miao-xian-sheng-64-97 , 让我预言一下：1月1号题主会直接消失，没有任何讯息不过看他的样子说不定还会出来嘲讽一下：“我就是随便胡说八道。”这就是一次胡乱的自我高潮，一个哗众取宠的人乱放一把火，结果牵连了一片森林。题主绝不是某个胡乱编故事洗地答案里的高中生，而是一个的的确确的造假者，就是故意造作而已。也许上知乎的人的确挺闲吧
LuJianlong , “如果能打败弗利沙，会被龟仙人特训班保送吗？”
tian-xia-wu-shuang-38-8 ,     可能像我一样不想泼冷水的.没几个了呢。   我向来敬佩那些敢于在数学道路上不懈前行、勇攀高峰之人，更是对真诚的提出自己的看法，不在乎失败之后遭遇他人的讥讽与藐视的勇者分外珍惜。   哥德巴赫猜想是数学王冠的最璀璨的明珠，确实对于一名高中生来说，在该领域，肤浅且浮于表面的认知会极大的限制他的证明与思考。但能够提出自己的看法，同时不是“沽名钓誉”，我大概是不会赞同他的做法，但我会尊敬他的选择。    民科泛滥，多少“大师”自称解决各式难题，领域非常广泛，已经让大家们忍无可忍。前不久黎曼猜想被热烈讨论后，果不其然“涌现”出一大批“砖家學者”发表看法，自然也接收到了大家们“真诚的祝福”。他们多是认准自己的看法，坚持自己的看法，用不严密的证明与并不合理的推理逻辑，做出一个又一个伪证，自然为大家所不屑。然而对一名确确实实有一定想法、热爱数学的高中生，过分的苛责与嘲讽，或许并不必要。    1月1日，结果似乎已经十分明了，但我依然会尊重他，尊重他的行为。    说句实话 问题下面的许多答主，数学能力能不能达到题主的实力...还是另说，先来讥讽一顿算啥事。
 , 北京大学数学系:尊敬的高黎瓦同志:   您好！   首先，恭喜您于小小年纪就已经证明出哥德巴赫猜想，得知这个结果我们无比震惊，第一时间我们也是不相信的，经过几番确认才得知确有此事。  惊讶之余，也为我国能有您这样的数论人才感到骄傲和欣慰。  校领导和系领导高度重视此事，一致决定邀请您来我系做90分钟报告，并给予您特聘教授职位。  我系得知普林斯顿、麻省理工、斯坦福等国际名校已邀请您做终身教授，诚心希望您能在任职后多与我系交流，为我国数学国际化做出贡献。  我系已向中国科学院系统发出特别申请函，申请您为中国科学院院士，并提名您为今年自然科学特等奖。我系也向沃尔夫奖评委会提名了您为今年的沃尔夫奖候选人。  最后，我系衷心祝福您身体健康。                                                        此致                                                        敬礼                                                       2078年12月26日清华大学:  嗯嗯俺也一样，么么哒。高黎瓦:   我操你妈，老子18岁证明出来的东西你们花了60年才看懂？？？？？研究这个鬼东西害的老子他妈的高考都没考上！！！蓝翔技师学院:    恭喜校友证明那个哥什么赫猜想！校友牛逼！新闻记者:     震惊！蓝翔技师学院破格入选双一流！
bai-chi-17-7 , 如果真的这么简单可以做到我为什么要学四年数学分析，高等代数，解析几何，常微分方程，复变函数，实变函数，泛函分析……我最讨厌民科的地方在于，否定正规高等院校出来的人的一切，试着用自己的一套理论体系解释一切。
la-la-la-4-25-46 , 这里有个简单的习题，你能解决的话也能上清北，哥猜都有了，有时间试试这个吧。任何一个正整数经过以下规则重复使用总能变成1：如果是偶数，减小一半。如果是奇数，乘3再加1。比如5-16-8-4-2-1
wu-yu-cheng-chen , 如果真的能够证明，那么直接可以去清华北大当教授了。
min-rui-de-shan-dian-lu-wei , 惊闻又一高中生自称能够证明哥德巴赫猜想，深感长江后浪推前浪。看了众多答案，许多答案几近冷嘲热讽。很多人都在笑，我却笑不出来，眼泪往肚子里咽。因为，一个国家没有人才是可怕的，有人才没被发现是可悲的，但发现了人才却对其进行嘲讽就是可耻了。但是，证明不是乱证，猜想不是乱猜。连陈景润老先生都说，只用初等数论的知识是无法解决哥德巴赫猜想的；但你如果一定要告诉我们你可以“骑自行车上月球”，结果我们看到你是骑自行车上了一个写着“月”字的球，那么你作为证明者是要向本国人民谢罪的。不管结果怎样，我都希望题主能够给各位一个交代，毕竟证明哥德巴赫猜想是具有世界级影响力的事情，不可儿戏。就算题主失败了，也不要气馁。有勇气去证明哥德巴赫猜想的，想必已有比较扎实的数学功底和强大的数学思维。希望题主日后苦练七十二变，笑对八十一难。说到八十一难，我就想起我国四大名著之一《西游记》。明年下半年，中美合拍，正式开机，弘扬中华文化，文体两开花，多多关注。别处看到的段子，侵删
feng-kuang-shen-shi-92 , 保送啥呀你说中科院还是美国的科学院，我给你写推荐信。虽然我没名气。但是有你这个啥证明，我就是个渣也能随便把你推上去！_______距离1月1号倒计时中 剩余一天多想联名推荐的赶紧回复，还有很多空位！！！
chang-pu-hua-fa , 会一个字就能说完的事说了这么半天不明白讨论区都在干嘛
mu-yu-59-38 , 抽奖警告抽奖警告抽奖警告一月一日，如果 @证明 成功证明出哥德巴赫猜想，我鼓掌，流泪，感慨有生之年的同时，做一点微小的贡献，文体两开花。抽奖内容：我将采用直播DOTA roll点的方式，在评论区抽一位朋友送出switch一台（附赠游戏：塞尔达传说，NBA 2k 18），如果食言，甘受各类辱骂绝不还口。参与方式：关注我，点赞这条回答，并留言任意内容。才疏学浅，人微言轻，工薪小民，只能做这么多了。原回答：我不知道题主是装睡还是真睡啊，所以下面的回答不针对个人，只针对这个问题本身……说到本身，我就想起了真假孙悟空本身和假身……中美……两开花……额，说秃噜嘴了不好意思。严肃说，一个高中生，别说能成功证明哥德巴赫猜想了，你哪怕没证明出来，但证明过程中充分展现了自己有证明哥德巴赫猜想的知识储备……你也能保送了。so，1.1号，希望这个问题下99%的人能看不懂你的答案并真心说一句nb吧。顺便说一句，把这问题推上来，知乎挺坏的……
 , 这位同学勇气可嘉，说到哥，很荣幸在西游记扮演过猴哥，今年下半年，正式开机，继续文体多多关注。
luyueti1 , 鉴于题主前几天还在纠结真命题假命题逆命题否命题的区别这种问题 怕是元旦那天会给出这样的解答：   由于大于2的质数都是奇数 所以两个质数加起来一定是个偶数Q.E.D
tinyinfa , 别北大了，巴黎六大，普林斯顿，麻省理工，哈佛，剑桥，斯坦福你随便挑好了。提醒一下，可以先去看看陈景润怎么证明的1+2。
zhong-guo-zi-cheng , 如果大学生能在宿舍制造出核武器，那我能毁灭世界吗？
xi-chuan-ju-cao , 对于嘲讽这位同学的的，我真的想说一句:劝你善良！其实我真的很能理解这个同学的感受。我高考609分，一本报空上了个本地二本，还被调剂了专业，同专业全都是省内相同遭遇的……我的高中母校是山东一所升学率很不错的高中，一本升学率很高但985、211乃至清北却很少，当时想上清北在我们这所高中只有靠奥赛加分这一条路。就像你们很难理解别人为什么上个一本那么难一样，有很多人也很难理解为什么有的人那么容易就上了清北，教育资源的不平等就是这么残忍。当然在受教育权利问题上，不平等已成必然，我们没办法改变规则只能适应规则，我打心眼希望这位同学可以振作起来把弱科好好提一把。毕竟时间太宝贵，没有结果的争取不如不要。
bai-chen-78-81 , 会被写在欧拉的名字后面如果真名就叫证明的话会为中文母语和因此被迫学习中文的数学系众怨念深重证明证明证明定理证明猜想欧拉证明高斯证明……所以希望题主慎重选择知乎发表，为今后进入小学语文课本考虑，至少换个ID发吧
horizonmuber , 还是再找几个数学专家确认一下吧天才少年被众多知友打击也怪可惜的可能你用了什么你感觉很显然但是实际上也很难证明的定理呢千万 千万不要走向民科坑
du-de-chi-wan , 居然有这么多人还等着要看他的证明。我想我真的是高看知乎了。大家是真不知道哥德巴赫猜想有多难？还是大家都在等着看猴子？
li-xiao-ying-80-86 , 建议参加高中数学奥林匹克竞赛。国家一等奖就能保送清北，不看其他科成绩，比你现在走的路现实得多。
shuang-dao-ru-ye-qin-wu-yuan , 同学你好  倘若你真能证明出哥德巴赫猜想……不说清华北大，国内外任何一所知名大学聘请你为教授都不为过。但是，就我在数学系学习的一些经验来看，以中学知识证明哥德巴赫猜想是绝对不可能的事情。希望答主不要做无用功，把准备高考的时间全部用在这些对你现阶段毫无意义的事。哥德巴赫猜想的意思我想但凡初中的学生都可以理解该猜想说的是什么，但是以中学知识加上粗略的高等数学知识去证明哥德巴赫猜想…用陈景润先生的一句话，叫做骑着自行车上月球。现在最主要的任务是准备高考，如果对数学科研有兴趣，完全可以进入大学数学系后，进行系统、专业的学习。以后在一步步的走向科研这条路，而不是将大把大把的时间与精力全部浪费在这条歪路上，错过本该正确的路。可能有些数学专业的答主说的话你会不喜欢听，但是他们说的是很正确的，你必须先想办法进入数学系，然后在考虑这个问题。
 , 我初中的时候也做过写小说得诺贝尔文学奖然后保送北大的梦
huang-jin-wan-zi , 要是真的证出来了，多半会直接聘为教授也就是说，你真证得出来，清北未必有资格教你反而很多人要向你请教评论里有人不信→_→我们大可以赌一把呀，要是他真的证出来了，清北却没有聘他做教授，算我输我赌一包辣条不行，左思右想还是决定挺一下题主，这万一证出来了可不的了我再押一包辣条，赌题主证明成功另附图两张
 , 12.29更新：偶然在网上发现了科学出版社2011年出版的《哥德巴赫猜想》（第二版，潘承洞、潘承彪著）的试读章节链接。感兴趣的可以点击这个链接下载。虽然只有引言，但恕我直言，贵乎上能完全读懂引言的人可能不超过【数据删除】个。有志于研究哥猜者可以去某宝或某东购买全书，并不算太贵。况且，再次恕我直言，真正有能力研究哥猜的人应该都能够接触到图书馆。至少我查了敝校的图书馆，还是有几本的。就是这本书千万要注意不要买到徐迟所著的那个同名报（ji）告（tang）文学。今天哥猜能成为民科聚集地，不可谓没有上面那本报告文学的“功劳”呢。------------------12.29分割线------------------在知乎上发表……您会吗？如果不会的话，还有4天，学会Latex公式语法足够了。学会Latex语法之后，在数学方面的顶级期刊发文章也是没问题的。如果您说您的证明“根本用不到这些需要用公式编辑器才能打出来的玩意”对不起慢走不送-----------12.27更新分割线-----------这位仁兄似乎开了个叫“数学”的专栏……估计证明方法就会发在里面吧。居然有些期待呢（x（1）如果半年后他真的能进入大学学习数学，这个专栏可能会成为一个能够交流数学（*真正的数学）的地方。如果真的有那一天，希望大家都忘记他当年年轻气盛时曾经声称证明了哥猜吧。 （2）如果不然，那里想必要变成民科理论聚集地了。真是可怕。衷心希望最后结果（1）成立。如下为陈景润论文里的一个公式。我当然完全看不懂但我至少没有声称自己证明了哥猜
wang-wang-46-16 , 这位同学的口气和在诸位回答下的留言来看 千万不要是被民科毒害就好
luo-da-you-99 , 以前学了一个伪算法简单的某问题P0如果一个正整数数是偶数将其除以2，如果一个数是奇数将其乘3-1问是不是最终该算法能得到1是的，似乎这个问题写成代码它总是能得到2^n然后得到2得到1但是你问存不存在一个反例使它永远得不到？这个问题目前无法解决。其实筛法的局限性就是实在无限和潜在无限的区别。我小学的时候就思考过：随着正整数N增大，N的可组合因子数越来越多，从中凑出素数解的期望也越来越大。这就像你问给定m=1/10p1为0的概率为1-mp2为0的概率为1-m^2pn为0的概率为1-m^n假如你验证了p1p2p3...p10都不是0那么我问你 （连乘）∏pn是不是0你只知道这件事发生的概率越来越小以至于没法举出反例，但是实际上你永远没办法说反例不存在。所以我感觉其实哥猜只是概率无限命题P的一种表述如果p发生的概率随着观测越来越小，那么p会发生吗？请证明p会发生或证明p不会发生显然地，p-&gt;0不代表p是不可能事件我相信反例是存在的，也即哥猜不成立，只不过这个数过大，大概有1/p^实无限大 位，人类找不到罢了。但是，相比真正的潜无限大，这个数还是存在的。你可能会问我数学家给出存在性证明不就好了吗，不过很容易理解的是，对于某些问题，给出存在性证明本身就是在找反例，所以数学方法给不出实无限大数N0的存在性也是可能的你如果观察一下前面的3n-1问题，再观察一下哥猜，其实道理很简单，我们的公理体系对某些问题，只能从概率意义上解决问题，既不能证明它是对的，也不能证明它是错的，这和我们采用的的证明工具无关。所以我以前听高中老师说“哥猜用初等数学手段无法证明”，我当时想当然如此，因为这类概率意义问题本身就和严格证明相悖。所以题主还是好好准备高考吧
san-bai-91-53 , 为什么现在的人以为自己能看得懂的题目，就能用自己懂的知识解决呢？你要是真的能证出来那就不是保送北大清华，那是北大清华请你去讲几节课你还得考虑考虑他们听不听得懂
shu_xue_de , 可以同时有人黑你https://www.zhihu.com/question/306987629
pinelliaternata , 不会被保送，会被聘请。
zxlmh , 我问一下，假设我真是个天才(就像伽罗瓦)那样，严谨地证明了哥猜，但是我不会英文，论文完全用汉语写作(除了数学符号)，演讲也全用汉语，会怎么样？
shi-zhen-bang-81 , 事已至此，我只希望最后1月1号呈现给我们的剧情能更精彩一些个人倾向于整个事件是一场剧，至于是一场心血来潮的闹剧还是精心策划的悬疑剧就看作者发挥了前天就看到这个问题了，一开始以为是一个高中生真的觉得自己证明了哥猜，然后开始膨胀于是我没说话也没有关注这个问题，因为有一些怀疑，真的这么膨胀的高中生是不会憋一周的，但不知道题主想干嘛然后我今天看到了“老师”这个角色，还特么是匿名。。。整个事件已经超过了我对现实事件荒诞程度的忍耐极限了，所以忽然好奇作者到底策划了什么样的剧情，决定持续关注着看戏只希望作者1.1不要装死而且个人觉得1.1之前还有剧情，十分期待目前的剧情推测：1.主角杳无音信★☆☆☆☆，烂尾了都，退票退票2.“老师”说主角“不堪网络暴力”，选择自杀，顺便烧了论文★★☆☆☆，其实也算烂尾，但至少升华了主题3.主角称自己被威胁禁止发布/论文被偷/主角被谋杀★★★☆☆，期待幕后神秘组织的剧情，但是不太好表现4.主角真的拿出了一篇论文，被指出问题，死不承认★★★★☆，至少用心准备了，一篇正经的论文至少能撑得起硬科幻故事，同时后续剧情还有很大发挥空间5.主角真的证明了哥德巴赫猜想★★★★★★，多给你一星不怕你骄傲，这是穿越科幻真人秀吗？穿越者可以这么浪的还真不多见不管怎么说，这件事只要有人关注，作者就已经赢了。。。我也不呼吁大家不要关注这件事了，我承认作者已经赢了只希望作者不忘初心，把这个故事讲完，不要吸引一波热度就溜了
asineea , 会被保送，但前提的可能性几乎没有。不过我着实期待你能写出点什打打某些高赞回答的脸，尽管难度很大，但是某些人着实让人不爽啊，何必一定用这么刻薄的语言来劝诫呢。我是学生物的，对高数了解的也不是很深入，但是我觉得题主敢于尝试很好，若是实在不行一定一定要记得回头，好好复习吧，到了好的大学有更多研究机会!
7347570872 , 我说一个和我们差不多同龄的人吧，Akhil Matthew。我看过他的commutative algebra的notes（整理Jacob Lurie的lecture）。为什么我要说他呢？因为他的notes给了很多人很多的帮助。自己的水平和智商都是一流的。你知道白求恩吗？不知道的话，起码读过纪念白求恩吧。没看过的话，总记得有一句话吧，which is “人总是要死的，但死的意义有不同。中国古时候有个文学家叫做司马迁的说过：‘人固有一死，或重于泰山，或轻于鸿毛。’为人民的利益而死，就比泰山还重。”   而向akhil Matthew，一个外国人，无私地把他的notes放在了网上，供中国的学生们阅读，这对人民有好处，让人民切切实实地得到了利益。所以人民会爱戴他，纪念他。同样的外国人还有de jong，还有ravi vakil，Jacob lurie，他们把他们的劳动成果放在网上，免费让人民学习，这是怎样的一种无私奉献的精神？  再看看你呢？你是怎么做的？你享受着国家的九年义务教育，不好好思考如何为国家做奉献，贡献自己的才智甚至是生命。确整天想着证明一个什么数论里的1+1=2，从而保送清华北大？这东西能造飞机大炮吗？能生产更多的粮食吗？能抵御帝国主义对我国的思想渗透吗？不能！！！这就是资产阶级的知识，不是伟大的劳动人民的知识，你浪费了祖国母亲的纸张和笔！你知道造出一张纸来需要多少的石油和木料，机床和工时吗？浪费是可耻的，你应该感到羞愧。  再谈谈你的已经腐烂的立场问题。在这个全新的时代里，我们个人所有的努力都应该是实现民族的伟大复兴，而不是为了上清华北大。你别以为我看不到你的小资产阶级的立场。你想接受好的教育而去顶尖学府的思想里，是为了自身发展居多，还是为了国家为了人民居多？你有没有为了全国人民，全国广大的农村地区的孩子想过？你接受了好的教育之后，愿不愿意去农村支教？就像peace crops一样？peter hessler received his bachelor degree from Princeton, and got Rhodes scholarship, and went to Oxford for graduate school. 你知道他毕业后干了什么？这可是在30年前，他来到了中国，落后的涪陵教书，整整两年。  行了，这位同志，我看你现在最需要的不是什么证明猜想。你证明了也还，没有证明也好，这都不重要。你最需要的是好好改造你的思想，一个人如果连最基本的思想都坏了，学再多的知识有什么用。借用封建社会的名言来说，立国先立人，立人先立德。我看到一段话，非常好，送给你，“要造就一大批人……這些人是胸懷坦白的，忠誠的，積極的，與正直的。這些人不謀私利，唯一的為著民族與社會的解放”。希望你不要忘了古代先贤和近代伟大的思想家的话，不要被资产阶级思想蒙蔽了内心。
sun-yan-88-83 , 在上清华北大之前你还需要证明很多东西你先证明你证明了哥德巴赫猜想你再证明你能证明你证明了哥德巴赫猜想你再证明你在证明你能证明你证明了哥德巴赫猜想。。。等这些都证明完最后证明一下你是你然后就可以保送清北数学系了
 , 证明:高斯19岁证明了正十七边形可以尺规作图做出来，伽罗瓦20岁之前就搞出了群论，找相同点:这两个巨佬都是人类，而且年龄都不超过20岁再找相同点:这个高中生也是人类，而且年龄低于或等于18岁，继续找相同点:两位巨佬未解决世界级难题之前都是在思考世界级数学难题的解决方法的(这他妈不是个废话吗)，同样的，这个孩子也是如此。所以他有可能是明日之星。证毕。我的天丫嘞，某些人在干什么阿！上面那个东西叫证明？？叫思考？？还有一些人因为他只是个高中生的身份而让别人对他不要那么苛刻。但那些数学工作者就不能因为特别在意他的民科身份而说一下嘲讽的话了？？哦对了，说不定2019年1月1日哥猜就被人家证明了，我这个煞笔还说人家是民科。我的问题我的问题。
su-ling-8 , 民科的所有证明都只是在玩语言游戏而枉顾其真实意义。这一点，之前那位某伟老师示范得很到位。也许是中二期总会有些想要被别人认可，却不知道怎么办的时候吧。再有就是初中高中这一段时间里做了太多那种抓破脑壳都想不出题目，却可以用奇特的辅助线或者什么其他奇技淫巧就变得非常简单。于是觉得哥德巴赫猜想这种世界难题也是存在一个让人大附中跌眼镜的简便解法吧。这些数学难题之所以重要不是因为它难度高，而是因为很可能现有的数学工具根本没有办法把这道题解开。换言之能解开这道题，就你发展新的数学工具，从而打开了新世界的大门。如果你只是找到了哥德巴赫猜想的反例，却没有足够价值的思路或数学工具，那就和中彩票一样，出一次大名而已。
 , 首先想正面回答一下提问者的问题。如果你真的证明出了哥德巴赫猜想，也就无非两种情况:一是你通过自学了解了数学届的很多定理，深刻掌握数论，并能熟练运用，再通过自己严谨的思维推演完成证明；另一种则是利用初高中或是大学本科阶段一些浅显的知识，在机缘巧合下想到了证明方法并完成证明。就前一种情况来说，无疑你可以得到全国乃至全世界任何一所大学的offer，也可以轻易取得任何你感兴趣的成就。但就后一种而言，就算你真的证明出来了，清北也不一定要你，因为就人才的选取方面，你紧紧只是一个高中生，几乎什么都不懂的高中生，唯一和其他高中生不同的是，你的思维比较灵敏，对待问题勇于探索，但这又有什么用呢，我相信被挡在清北门外的人中并不缺这种角色。不错，你可能确实解决了世界难题，但是你连解决数学（其他）问题的一点理论基础都没有或者说不牢固，清北凭什么收你？！可能清北招生办随便拿出一张全国奥林匹克竞赛试题就能让你做不下去，清北又怎么敢要你？！这就好比一个好吃懒做的乞丐突然中彩票一百万，但对于只会好吃懒做的人而言，再多的钱也只是白纸，再怎么富有也只是昙花一现，无法引的世人瞩目。综上，若你是第一种人，你不必担心这个问题（可能也不会想这个问题）；若你是第二种人，你不用担心这个问题，就算你证明了哥猜，清北也未必录你，而哥猜证明对你的意义就是会在你的人生简历中留下浓墨重彩的一笔，但也就仅此而已。说这么多，并不是说要打击你，相反我特别欣赏你，因为你在小小年纪已经表现出同龄人少有的探索精神与求知欲望，唯一不足的就是，你对这个世界还了解甚少，也就是说心智还不够成熟，总想着一步登天这种不切实际的事。所以，我想说的是，请你继续保持对知识的渴求的欲望与勇往直前的探索精神，无论成功与否，请务必坚持，当你慢慢长大成熟，认清现实本身，同时却也保持着对知识的纯真，我相信，你终会成功的！其实题主做的事我相信我们大多数人小的时候都做过:就是，听说，什么什么从来没有人做到过，这时你们肯定回想如果我做到了会怎么样？会受到奖励吗？会荣誉加身吗？等等。而唯一不同的是，题主很有可能确实努力去做了这所谓的没人完成的事，也有可能确实做到了，然后就是将心中的疑问放在社交媒体上以寻求答案。仅此而已。所以，还是希望大家不要太多的冷嘲热讽，致使一位少年失去了对知识原本的渴求与探索精神！！尽管他可能还太年轻，但也请给他留点时间和空间让他成长起来，去认识世界美好的一面！！ 
hong-ji-lei , 你有这本事还不如参加竞赛来的实际。你想到用证明哥猜的方式进名校，大概率应该是你硬考考不上吧。你硬靠考不上，也就是竞赛题大概率也是搞不定的了。常规的大多数人都能学明白的高考应试知识和一部分人能学明白的竞赛，你都搞不定，你凭什么就认为你能搞定全世界最优秀的数学家都搞不定的问题？
xin-xing-74 , 同学，你这牛逼吹晚了。我小学就试着解开哥德巴赫猜想，独辟蹊径摘取数学王冠上的明珠。。这种因为无知和好奇而犯的傻整体而言还是人畜无害的，唯一的问题是你特么都上高中了怎么对自己数学什么水平还没有点儿认识呢。
ren-zi-chen-60 , 暂且不说提问者能否真的证明，我觉得这种精神是真的值得赞赏的，有些人，非待说什么误导群众，啊不啦不啦，难道你们不觉得这个时代还有高中生人不玩手机专门去研究高数这个玩意吗…反正我在郑州这个一点五线的城市见不到，有人愿意在社会上提及这个，总比天天打游戏强吧？？玩王者要喷，踢球要喷，学个数学还不让学了？？想想俺爹那会一个个国人都满腔热血想去当兵保家卫国，现在到好，一个学生的人没一个想当兵的…所以我敬爱的九零后们，假如未来再是有那些人跟你说“年轻人你不要看不惯，你要适应这个社会。”这时候你就应当像一个真正的壮士一样直面他，你告知他:“我跟你不一样，我不是来适应社会的，我是来转变社会的。”
wo-de-nu-shen-a-qia-li , 支持他的人全是文科
 , 我只想说，众多回答里对题主的质疑与冷嘲热讽真的有意思吗，正经答个题很难？而且你们不觉得对这位热爱数学的孩子打击太大了吗？
nan-xiao-48 , 我就是个废物，对数学一窍不通，所以非常佩服对数学有天赋的人，你对数学不仅有天赋还有很深的兴趣，这是好事，而且是一件极好的事情。但你要做好准备，尤其是心理准备。因为这个世界远比你所能想到的复杂，不仅包括功利啊金钱啊名誉啊智慧啊地位啊什么的，最关键的地方在于它可以轻而易取让你所有的一腔热血激情被浇一头冷水从头到脚透心凉，如果你成功了，固然很好，但万一，只是万一，你要做好思想准备，迎面而来的奚落与嘲讽与你自己从心底对自己产生的强烈不信任感进而自我厌恶感会如图暴风雨里夹杂着的冰雹一般，能让你感觉到自己什么都不是。这是正常的，而且是注定会发生的。。。。无论如何，无论事成与败，请记得这次的经历，不要放弃自己的梦想，也不要放弃自己的骄傲，坚持走下去，坚持走下去，请带着自己对数学的爱坚持走下去。请别忘记你为何选择数学，请别忘记你为何喜爱数学，无论如何，请保持对数学本身本身的最基本最基本的爱，请继续爱下去，这就已经很了不起了。
liu-si-geng , 你想去清华干嘛？当教授还是当院长？
qian-xiao-33-66-98 , 解释一下，不会有人一边问着2+5等于几，一边构想出中国特色社会主义伟大蓝图的，能力与境界完全不匹配再一点，这么厉害的谈数学竟然还考虑清华数学系，emmm——————这问题没什么好回答的如果题主真的（有水平）证明了出来，是不会到知乎上来问这么可爱的问题的我都懒得坐等打脸，我脸能感受到一点风都算我输
chong-zhi-di , 清北的门槛哪里够得上哥德巴赫猜想……
 , 感觉这个问题会有这么多的关注才是真正有意思的事还是因为很多人对于数学有误解吧，而了解数学的人不想让大家对数学有误解，才站出来说不可能。其实也是对科学的误解，科学不是投机取巧灵光一闪，确实有天才的存在，但天才也不是突然灵光一闪就有成果了，何况普通人。在座的各位中支持题主的可能都多少对科学有些误解吧。
mzkl-hzzk , 初中的时候我也想过一个问题，如果我是总书记或总理的直系亲属，能不能在分不够的情况下去我们县最好的高中。
kong-qing-shan-nai-75 , 清华不一定有资格收你
 , 如果题主你真的可以证明哥德巴赫猜想的话，你还可以获得诺贝尔数学奖，我是认真的。这成果不止能保你上清华北大，更重要的是，你还能上……天……题主你说要1月1号在知乎发表证明论文，这不是摆明了要蹭热度么？你忘了今年下半年有什么大事了？说到热，我就想起了火焰山。今年下半年，中美合拍的西游记即将正式开机，小六子将继续扮演美猴王孙悟空，小六子会用美猴王艺术形象努力创造一个正能量的形象，文体两开花，弘扬中华文化，希望大家能多多关注。这句话送给你。
yan-ting-wei-69 , 你不觉得证明哥猜是以卵击石吗？见到什么都要证明一下，有没有想过中科院的感受？你这简直就是乱猜，说起猜，我就想起了章老师的一句话“戏说不是胡说，哥猜不是乱猜”……明年下半年，中美合拍的《西游记》即将正式开机，章老师将继续扮演美猴王孙悟空，努力创造一个中华英雄形象，弘扬西游文化，文体两开花，希望大家能多多关注。
li-jia-hao-85-55 , 推荐你看一下
 , 如果证明不了，或是胡说八道乱扯一通，强烈要求知乎将此人删号，否则的话，这是对所有认真答题写文的知乎人的嘲讽！@知乎小管家 
wang-jun-yan-79-24 , 2018/12/19更新2018/12/30更新惊闻又一高中生自称能够证明哥德巴赫猜想，深感长江后浪推前浪。看了众多答案，许多答案几近冷嘲热讽。很多人都在笑，我却笑不出来，眼泪往肚子里咽。因为，一个国家没有人才是可怕的，有人才没被发现是可悲的，但发现了人才却对其进行嘲讽就是可耻了。但是，证明不是乱证，猜想不是乱猜。连陈景润老先生都说，只用初等数论的知识是无法解决哥德巴赫猜想的；但你如果一定要告诉我们你可以“骑自行车上月球”，结果我们看到你是骑自行车上了一个写着“月”字的球，那么你作为证明者是要向本国人民谢罪的。不管结果怎样，我都希望题主能够给各位一个交代，毕竟证明哥德巴赫猜想是具有世界级影响力的事情，不可儿戏。就算题主失败了，也不要气馁。有勇气去证明哥德巴赫猜想的，想必已有比较扎实的数学功底和强大的数学思维。希望题主日后苦练七十二变，笑对八十一难。说到八十一难，我就想起我国四大名著之一《西游记》。明年下半年，中美合拍，正式开机，弘扬中华文化，文体两开花，多多关注。2018/12/29更新头一次收到那么多赞！知乎小透明表示很激动，也很惭愧。因为本身自己不太懂数学，却很想回答这个问题，所以只能以抖机灵的方式来回答一下。这几天我也在持续关注新回答，更加明确了自己的立场：题主是没有办法证出费马大定理的。距离题主约定的时间还有三天。2018/12/30更新经评论提醒问题被修改了，问题描述没有了。不知是有别人修改还是题主修改了？问题描述没有的话，这个问题就没有什么意义了，大部分回答也答非所问……
fu-jun-jiang-jun-zhong-hu , 建议题主开个公众号引流，然后在十二月三十一号接一个土蜂蜜广告，把证明过程一月一号发到公众号上。
 , 如果题主你真的可以证明哥德巴赫猜想的话，你还可以获得诺贝尔数学奖，我是认真的。这成果不止能保你上清华北大，更重要的是，你还能上……天……题主你说要1月1号在知乎发表证明论文，这不是摆明了要蹭热度么？你忘了今年下半年有什么大事了？说到热，我就想起了火焰山。今年下半年，中美合拍的西游记即将正式开机，小六子将继续扮演美猴王孙悟空，小六子会用美猴王艺术形象努力创造一个正能量的形象，文体两开花，弘扬中华文化，希望大家能多多关注。这句话送给你。
deng-xian-tao-78 , 如果一个对高等数学工具没有深刻体会的人(无论高中生还是本科生)证明出来了哥德巴赫猜想，那是对自欧拉以来的所有做数学的人的赤裸裸的侮辱，甚至是对人类文明和人类作为高等生物的整体智慧的侮辱。
jerryxiao-cheng , 大家好，由一位希望就读河南大学数学系的高中生证明的哥德巴赫猜想将于1月1日在知乎上公布，续景润之辉煌，扬中国学术之风，文理两开花，希望知乎用户多多关注，谢谢
jamiever , 很想明年来被他打脸恭喜我乎成为国际有影响力的自然学术期刊！（破音强势围观 
tian-guang-shuo-45 , 希望看到的不是证明从略这四个字
jing-hui-70-64 , 评论一下，我当初也做过这个梦当然期待你是真的成功不过失败了也希望不要有太大的打击还有你现在赌气年轻人平和一些别那么着急，慢慢来即使你通过验证哥德巴赫猜想上了清北你，其他科也是要学的这可能是一个捷径但是世上没那么简单又轻松的捷径难说后面有更大的打击做研究就要保持平和心
 , 费马大定理 已经被证明了。提问者可以参考一下证明过程以及证明者的资历。如果谁（不管你是高中生还是初中生）能证明哥德巴赫猜想，那数学方面的造诣肯定不比其低，别说保送清华北大了，直接去其数学系任教时没问题的。
 , 题主是复读机吗，要不要在每个回答下面都：“1月1日知乎公开发表论文，欢迎观看。”文体两开花似的。
yu-zhu-di-yin-qian-chang , 不管怎么样希望你热爱数学的初心不要变，不论结果怎样，你都比我们优秀的多，到时候请把证明论文发出来，大家一起看一下！谢谢
liu-tao-ming-84 , 要不等到2019.1.1被找到漏洞之后再来慢慢喷？我是爱憎分明的：如果你是民科，那我非常看不起你，因为我看不起那些自认为智商很高的一般人；但如果你是天才，我会十分敬重你，甚至把你“从被攻击到没人敢再攻击”的过程拍成激动人心的电影来赞扬你！我是实事求是的：毛泽东同志曾说过：“没有调查就没有发言权”（你可以理解为“学霸不看题是不会写答案的”）在看清事实真相之前，我不做评论，万一真的是个天才呢？（一个简单的数学思维：“极小”和“0”还是有区别的）但有些人调查到了很多信息，推测出他证明哥德巴赫猜想的可能性为0，然后再开始攻击他——很好！至少没有像某些人那样没有调查就开喷，但是你是否知道：民科≈对数学的喜好+一点点知识？如果能给他更多知识是不是也算是培养了一个人才（即使不是爱因斯坦特斯拉那样的巨星天才）是否调查过？是否支持或中立？这两个答案的组合构建了评论区主要的2×3=6类人，这6类人我最想指责的人是没调查就不支持的人，不管你本人是否有能力，因为你有“不管怎样都看不起别人”的心态。（因为这种人，俗称喷子。）对于调查过，认为高同学没有能力，所以开始嘲笑他的人，我仅仅是呼吁一下：“每一个物理界的人都希望世界尽可能的多一些科学家（路人就别来打扰物理界的合作氛围了...），所以不如我们善意的教育他，提升他？而不是攻击”毕竟高同学至少有一个难得的优点：他的思想是积极的！他以数学成就为骄傲，而不是能喝多少瓶啤酒...至于缺点，很多人会觉得他自大，所以就算是批评，也不要扯上学术内容...另外，如果我是高同学，我也不喜欢那些盲目支持我的人，我会希望大家会在看懂我的思路之后从中立态度变为支持态度（前提是：如果我真的是对的...）最后，送上一句某数学家的座右铭：“我决不承认自己是错的，因为我总会是对的；我之所以总会是对的，因为我总会承认自己错了。”（为了语句听起来更美...这句话被改写得很不符合逻辑...）我只想告诉你人不仅要坚持真理，更要有承认错误的高贵品质。——两者结合，便是目前的科学素养：实事求是。如果你的理论被推翻了，你会很没面子，我希望你坚持下去，脚踏实地，用一生向大家证明，不是证明你多有能力，而是证明你有这样的素养。...好了我要睡了真困还好我已经洗完澡了明天还要练深蹲...
bu-meng-de-xiao-peng-you-37 , 小朋友...你发文章啊你学过additive 和 multiplicative number theory吗？
winsor-dutch , 提问者让我想起了哈代，是提问者是要做傻事还是有什么状况，有谁联系下知乎官方去看看他?就说不要太注意高考了，好好一个孩子给逼的......当然如果你头脑清醒，并且严肃认真，还是希望你发出来，正确性与否再谈，这种敢想敢做敢提问的精神很多大学生研究生也不具备。
shen-zhi-kun-8 ,   我刚刚证明了黎曼猜想想在知乎问一下，没想到被你先了。那我正好问一下，本人高中生，刚刚证明了黎曼猜想，请问……高考能给我减分嘛说到猜想，我就想到了充满想象力的西游记，今年下半年……不好意思顺口了
xin-zhao-de-shui-li-bo-shi , 如何看待高中生几个月前还在研究错位相减法，洛必达法则，导数，隐函数，几个月后就声称自己证明了哥德巴赫猜想?看他的知乎动态，数学水平可能还不如我呢。（我高数C上挂过科……）
ni-pan-rui , 入学以后去听课怕是老师在上面讲课压力都很大吧。
ming-yue-chui-xiao , 我觉得知乎的编辑不厚道，为了凑热度居然把人家挂起来示众。
 , 证不证明哥德巴赫猜想倒是无所谓的说，这位高中生倒是证明了知乎现在流量化,，娱乐化的问题。大家如果愿意可以点开他主页，提问5次，发表三篇文章还都是自己1月1日呀要给出论文等等的几十个字，最后居然有14000+粉。此题下众多数学界的大佬们，答出几百题也无非于此的说～那么问题就来了，如果不是知乎给这个人流量哗众取宠，再加上大家喜欢看热闹，这样一个随便注册的号短期内能有这么高曝光量？！！既然说自己是理性，专业的问答社区，难道不应该先把这些民科号直接封掉？其实证明哥德巴赫猜想都是虚妄，不如借此机会运营知乎账号，以后再开个live，微博，公众号，自媒体联动，走向流量巅峰还实际一点的说！
 , 如果一个高中生真的能证明哥德巴赫猜想（前提是真的能，而不是自己觉得自己能），那他（或她）去不去北大清华数学系又有什么关系呢？
sun-liang-gui-75 , 题主，你好我刚刚用键盘造出了一个人造太阳，正想着申请去清华不如咱俩一起去不信我再造一个人造太阳......
tan-xiao-tian-99-40 , 我只想说，不要撒谎哦，更不要为了出名而不择手段，如果你是认真的，祝你成功，加油，虽然我觉得这件事的可能性和明天太阳从西边起来差不多。
xue-ding-e-de-miao-98 , 你在问这个这个问题之前，最好先看看自己会不会这个题已知函数f(x)=ex(ex﹣a)﹣a²x．（1）讨f(x)论的单调性；（2）若f(x)≥0，求a的取值范围．建议你考虑考虑自己能不能上个本科，不要整天想哥德巴赫猜想这些东西。你这个问题和如果我征服了世界的话，可不可以管理一个县一样
 , 高中的时候我们隔壁班有个搞数学竞赛的，一直全省前几名的水平吧，高中刚一入学就说自己证明了哥德巴赫猜想。然后来我们学校有个竞赛大神做数学竞赛培训，隔壁班的大神和大神教练说了自己的证明，说了30min，大神教练说你这不对，就指出了问题。我倾向于认为你是伪证，这个东西我觉得初等数论应该不太能解。黎曼猜想你能看懂是什么意思吗？高级数学工具你会吗？年轻人证证是好事，但是别太狂了，别变成民科就好。
 , 当然。前提是你能真的证明出来。其实，平时没事时证明玩玩也没什么，不要担心被人说“民科”。在试图证明的过程里，你可以学到很多东西。肯定也会多方查阅这方面的资料，学到很多知识。为了了解那些知识和证明途径，你会主动去学些东西，认识到不足，也许最后你知难而退，但是你会因此学到很多东西。民科的讨厌其实不在于其业余研究本身，而是因为其中的很多人妄自尊大，对于知识过于傲慢，思维能力不足又不愿意承认，不去努力改善，对待知识不够谦逊，甚至有时明知道自己错了还要硬凹，把面子摆在知识的前面，等等。很多人并非真正讨厌民科，只是讨厌那种非理性的精神偏执，讨厌的是以天才自居而又拿不出真本事。否则的话，人人都有研究科学及数学的自由，不管你处于科学共同体的官方机构，还是业余爱好者。而旁观者，也最好不要动辄用“民科”这种贴标签、扣帽子的行为，一上来就对人做定性的否定，就好像知乎有些真正的科学回答，反被某些人一上来就骂“民科”，结果最后自己被打脸了。如果对方错了，可以实事求是指出错在哪里，就事论事，而不要一上来就扣民科的帽子，这行为很不好，并非真正的科学态度。总之，你要有兴趣证明，可以玩玩去，利用这个学点东西也是很好的。有些东西你要真的实践了，才知道真正问题所在。但一定要保持对知识的谦逊、开放态度，热衷于学习相关知识，准备工作要做好，多看点相关资料，不要急于图成。也许你原本要证明哥德巴赫猜想，结果在这过程里找到另外的更值得奋斗、也更为“现实”的目标及相关发现，也未可知。很多东西的发现是要由兴趣来驱动，不管你最初的兴趣是什么，至少要有一个兴趣，兴趣是一个切入点和引导，把你引向某个领域及相关联领域，使你真正沉浸进入。就好比我从小对女性身体感兴趣，现在我成了一个兽医（咳咳）。。。是怎么七转八转最终进入这领域的，一言难尽。但绝对是最初那一神秘的、看似不相关的兴趣作为最初驱动。。
baggio18 , 能证明的话，你可以见任何一个国家元首，甚至可以让教皇亲自隆重地接见你，何必去清华北大呢
 , 我不懂这些，单纯回答这个问题答案是可以。如果题主真的是一个高中生，那些想说讽刺的话的人，最好还是不要说出口。这件事情大多数人都认为是不可能事件，但是如果有一个人说他做出来了，虽说很大可能是错误的结果，又何必嘲讽呢？把错误的地方指出来还可以进行交流，若他是真的热爱数学相信他也不会放弃的吧。我这种完全不懂且事外的人也只能鼓励了吧，他身边的人可以给他更多的帮助。如果这就是哗众取宠的问题，那还管他干什么。
wei-shi-yao-48-43-31 , 我是真的支持你，别听他们说的。无论对与错重要是过程。无论别人说什么这都是你自己的看法。无论证明任何的猜想在想背后的答案从来没有定义过谁会证明出来。他们看的笑话。这是他们不明真相，不知你努力的过程。无论你的结果到底有没有证明出来。都在着推动这个猜想的证明。加油啊孩子。
wangsf-18 , 直接拿菲尔兹当院士普林斯顿正教授，还考啥清华北大......当然，能这么想的人，都是充满梦想的初中生吧…还是苦逼先争取有答案的数学题能做对吧……
jiu-yan-29-53 , 希望你不是开玩笑 评论里有些闲言碎语，有些不太友善的言语，冷嘲热讽实在过头了不过希望你不管是否做到了都能保持对数学的热爱
lang-de-tian-ya-37 , 你不是认真的吧？
zhang-hao-92-24 , 简单，我也加了关注。证出来了，就算见证了历史。证错了，但是思路清奇，未抄袭其他论文思路，那还是值得关注的数学奇才。但要是不证，或者随便甩些垃圾东西出来，或者从哪些论文东拼西凑的东西。那取关举报。
sun-yu-79-24 , 什么时候这个时代变得一点儿也不浪漫了，容不下一丝轻狂，容不下任何一个或许看起来不着边际的梦想。我理想中，对于这样一件事人们应抱有期待，不一定是期待伟大到要死的数学里程碑，而是为一个少年热忱的执着而感到欢喜。我喜欢一张塔罗牌的含义，那张叫做愚人，愚人是很奇特的一张牌，他满怀天真，在尘世之仍有一颗相信梦想纯洁的童心，他执意闭上眼睛去冒险，却也看不到前方是悬崖还是花海。在这个时代，这张牌意大多数时候并不是好的含义，因为我们会把内心表达地过于小心翼翼，倘若你告诉了人们你爱上了一个女孩子，人们会立即围成一个圈或因为此事，或为了展现自己而谈论，有人会取笑你怎么还在喊爱情这么老土的口号，有人语重心长劝戒你要知道那个女孩儿没人配得上，还有的人为你出谋划策可听起来却不怀好意。所以你不敢说起自己的想法，而把真实想法讲出来的人，就作为愚人不断被人们戏弄。实际大多数的人生来都不是平凡的人，他们儿时大多都有英雄梦想，他们感到内心的力量，可上天只能挑选一个不平凡的人来做英雄，而没有成为英雄的人又是否应为有过梦想而感到耻辱。我不晓得哥德巴赫猜想是什么，我投入不到数学的世界，可我相信那些为数学而执着一生的人，这个东西总归是会有被证明出的一天，或早或晚，都没有关系的。这个过程中它承载了数不清的异想天开，承载了数不清的错了又改，这才是科学本质的魅力所在。我只希望我们收起恶意，让他错了就错了，对了就对了吧。
xcgdgp , 我觉得能证明这个命题的人，应该已经没有必要到清华北大上学了
dou-jiang-dj , 看到下面滋磁的评论笑死我啦，你问我兹瓷不滋磁，我当然是兹瓷的。要不这样吧，谁愿意和我打个赌，如果题主证明出来了且方法是对的，我给你一万块，如果题主证明方法是错的，你给我一百块就行。一比一百的赔率，怎么样有人和我赌吗?当然题主你也可以开一百个小号和我赌，这样题主就能赚100万了好不好
 , 有些东西只有圈内知道有多难。有些东西也只有圈内知道有多水。比如经常上热搜的所谓奇葩装置什么脑电波控制的，其实都是被别人玩烂的，只不过这次加以炒作而已。我深信足够聪明的人会认清自我本身，并且改造自我。而不是希望着奇遇。
ge-ge-wu-40-5 , 我帮你换个问法：我中了一百万大奖 今晚上回家坐公交还要站着吗
jiu-jie-zhu-xin-sui , 证明哥德巴赫猜想的人要去清北读书这是你们数学家协会组织的走基层下乡活动吗
 , 我不懂这些，单纯回答这个问题答案是可以。如果题主真的是一个高中生，那些想说讽刺的话的人，最好还是不要说出口。这件事情大多数人都认为是不可能事件，但是如果有一个人说他做出来了，虽说很大可能是错误的结果，又何必嘲讽呢？把错误的地方指出来还可以进行交流，若他是真的热爱数学相信他也不会放弃的吧。我这种完全不懂且事外的人也只能鼓励了吧，他身边的人可以给他更多的帮助。如果这就是哗众取宠的问题，那还管他干什么。
lazxh , 这位同学你好，作为一名高中数学老师，我深感惭愧。如果我的学生告诉我他可以证明哥德巴赫猜想，我绝不会同意他保送什么清北，我会亲自与哈佛等著名学府联系，终身教授不是问题。（内心独白：滚犊子，先把圆锥曲线和数列给我弄明白吧）
 , 如果证明不了，或是胡说八道乱扯一通，强烈要求知乎将此人删号，否则的话，这是对所有认真答题写文的知乎人的嘲讽！@知乎小管家 
garfield-73-55 , 回答这个问题之前 我有几个问题想问在座诸位 如果你们能回答出来 说明你们的天赋已经达到可以回答这个问题水平如果勇士队终场得分是湖人队两倍 勇士队能否赢得这场比赛？如果我的年收入是美国gdp的十倍，我是不是世界首富？如果我能进nba名人堂 我有没有资格打cuba？
bu-meng-de-xiao-peng-you-37 , 小朋友...你发文章啊你学过additive 和 multiplicative number theory吗？
 , 不管最后结果如何，希望你都可以将这种精神延续下去
nan-hua-83-93 , 如果我是菲尔普斯 我能不能进我们大学的游泳队呢？
rui-sang-56 , 可以，但没必要
 , 让我想起来郭德纲相声里的一句话：这种相声演员出不了国。话说你问这个问题本身就已经把答案回答了，只是受限于眼界没发现。
xin-zhao-de-shui-li-bo-shi , 如何看待高中生几个月前还在研究错位相减法，洛必达法则，导数，隐函数，几个月后就声称自己证明了哥德巴赫猜想?看他的知乎动态，数学水平可能还不如我呢。（我高数C上挂过科……）
xun-huo-13 , 年龄在数学领域不是问题，问题在于你的天才程度，以及你接受的数学教育进程。真能证明哥猜还用得着北大清华来录取你？答案:不用了，那俩学校会跪求你去当教师的。高中能证明哥猜的，至少能拿个菲尔兹吧。混到菲尔兹到清北教个书算事？房子都给你配好哥猜被民科证明了多次了，解析数论真不是一般人能搞明白的。你如果在高中阶段能搞懂陈景润用筛法证明哥猜的过程和内容，全世界的数学明校都会愿意录取你的。
qian-yu-18-77 , 去清北当学生多可惜，直接去数学系做个系主任不就得了
jerryxiao-cheng , 大家好，由一位希望就读河南大学数学系的高中生证明的哥德巴赫猜想将于1月1日在知乎上公布，续景润之辉煌，扬中国学术之风，文理两开花，希望知乎用户多多关注，谢谢
bi-guan-de-shi-hou , 看了题主老师的回答，有点理解题主的心情。在高中和初中时期，是一个人开始认真地认识世界的时候，除了初生牛犊不怕虎的勇气外，还会有各种基于当时朴素的世界观和有限知识的一些“奇思妙想”。希望各位给予更多的宽容，他和那些沽名钓誉死不承认错误的民科不一样，只是误入歧途，或者他连歧途是什么都不知道。也希望题主不要灰心（如果没有证出来），严谨的证明没有捷径。哪怕现在没有结果，不妨先记录下来，说不准将来再次看到会有灵感。
chen-bai-xi-83 , 能证明哥德巴赫猜想还读什么书啊，你快点举世闻名了。每周去一个地方做演讲。去不同大学挂个座客教授，然后让营销号宣传宣传。这辈子钱都是滚滚而来。还读什么清华北大。不过刚刚看到了清华的招生广告，为了北大的生源质量，我决定放出北大招生办的联系方式。北京大学招生办公室地址：北京大学老化学楼120室邮编：100871电话：010-62751407 | 010-62755074传真：010-62554332电子邮箱：bdzsb@pku.edu.cn这位同学请一定要联系。不然北大就错失了你这么好的生源。如果招生办的老师不专业。这里是北大数学系的联系方式！请你一定要联系！地 址: 北京市海淀区北京大学理科1号楼邮 编: 100871联系电话：010-62751804邮 箱：mathweb@math.pku.edu.cn
lu-shi-san-94-80 , 我的高音比世界上任何一个人都要高！
ke-zhi-ai-pie-feng-yi , 可以啊，还可以得诺贝尔数学奖
 , 呦，真巧，我这几天也刚刚证出来。@证明 你说咱俩会不会就像牛顿和莱布尼兹一样，因为谁先创立了微积分的问题而争论不休呢？话说在前头，虽说你先声称自己证明出来了，但我的方法更胜一筹，绝对比你用的方法简洁。所以后人应该先提我的名字。好了，废话不多说，我的证明如下：首先，不妨先假设哥德巴赫猜想成立。那么，根据假设可知，哥德巴赫猜想成立。证明完毕。简洁不简洁？思路是不是很清楚？你说我牛逼不牛逼？哈哈，我都佩服我自己。致后人：记得到时候提哥德巴赫猜想的时候，把我的名字放在“证明”老哥前面啊。不说了，陪老婆去了。攒石党求求求求求求求欧气！！！愿我单抽出阿比！单抽出艾蕾！单抽出黑贞！
 , 妈呀这题目居然这么多人关注。这个问题本身不值一提。不过有意思的是居然还有朋友认为题主乐于思考勇于尝试。讲道理，要是题主能直接发出自己的“证明”过程，并且虚心求教错误所在的话，还勉强可以鼓励一下。可现实是题主采取了低级的炒作方式，从ta的言行中看不到一丝对数学的敬畏，可以说其表现和“民科”只差一线，这不值得任何鼓励和肯定。另外，虽然八成这只是一场无聊的钓鱼，但是也不能排除题主真的是中二高中生的可能性嘛，我就把你往好了想想吧。如果题主真的是高中生，我建议不要等到元旦了，现在就把“证明”发出来吧，会有一大堆人乐意给你指出错误的，弄明白自己错在哪之后就好好准备高考，别想那些有的没的。乐于思考是好的，但是以后对数学多点敬畏，再对什么猜想有了想法就虚心的找人问问，你们老师就行，拉不下脸的话问网友也成。以后不要再做愚蠢的事了。还有，对于答案里的鼓励别当真，对嘲讽也别太往心里去，虽然有的嘲讽确实不太合适，不过自己犯蠢被嘲讽两句也正常。况且又没人知道你是谁，换个知乎账号咱又是一条好汉对吧？补充：如果是炒作钓鱼，赌五毛钱结局会是题主认错，表示以后虚心学习，然后收获一波鼓励和关注...但愿事实不是如此吧。不过无论哪种情况，作为吃瓜群众最好的选择是别给题主太多鼓励也别嘲讽的太过就是了＝＝
ning-meng-cha-shui-ban-fen-tian , 能……甚至能到超出你的期待。如果成功证明，我给予你最大的祝福。我们会普天同庆这个世界难题就此解决，是由我们中国人解决。这足以给中国乃至世界数学界带来翻天覆地的变化。一切荣耀背后，我们会是第一批见证的人；如果没有成功，希望你保持平常心。数学有天赋很难得，剩下的时间里，若你足够努力仍有进入高等学府的机会。接触了更高一层的知识后，你可再进行研究推演。网上的言论或许会把你淹没，那就卸了吧。沉淀下来，一点点的努力。你还是个孩子，你有无限的可能。我同样祝福你。
gggg-77-3 , 唉，我竟然信了你的鬼话，把你这个提问推给了我的高数老师……看了看别人的回答，我承认我傻逼，龙不吟，虎不啸，小小学生可笑可笑，张口就来，文体两开花
 , 如果你用计算机编程，然后凭借运气找出来一个反例。人们会觉得不错，高估了哥德巴赫猜想的难度，然后该干啥干啥。补充：目前人类已经验证到  都没有发现反例，但是没有人说必须从头开始验证。如果你自学了解析数论，加性数论等东西，那也不必指着保送了。如果你给了个有低级错误的证明，会让对方记黑名单。
 , 知乎这是怎么了？这是什么风气？好好回答问题不行吗？真是看不下去了！一个个在这冷嘲热讽，这是什么心态？能不能好好回答问题？我给你们示范一下：如果高中生能证明哥德巴赫猜想，会被清华北大数学系保送吗？答：会。答个题有这么难吗？
123-64-15-67 , 几个月前，杀鱼弟喝百草枯自杀，知乎er说:没得救，你要相信我，回家等死吧知乎精英们不允许别人对自己的认知说一个不字。然而杀鱼弟现在还活着。虽然高中生能证明出的可能性很小，但是还是很希望知乎er能够再次被打脸 
zhi-qiang-ni , 如果一月一号发布的论文真的证明了哥德巴赫猜想，我直接去道观去寺庙修仙了。我会坚信你是一个穿越者
yike-tang-tian , 不管能不能正确证明出来，但是我觉得一个高中学生能够有这方面的思维真的太厉害了，他肯定也花了很多时间去研究了解，真心佩服专注执着而且勇敢的人，我不属于这样的人，我想很多人也没有。不管是初生牛犊不怕虎也好，天才少年也罢，期待一月一日的答案！！不管结果怎么样希望鼓励他一直拥有一颗探索的心，就算是异想天开的探索也好过碌碌无为的嘲笑。
gen-wo-hui-jiang-nan-ba-33 , 我真的觉得这位同学的这句话有点看不起三百年来全世界数学家的智商
 , 清华北大校长马上会动用私人关系限制你出境：这样的人才千万不能让哈佛抢了去。
animus-97 , 你要真的证出来了直接估计能直接保送一个教授的位置给你，到时候你还嫌清华北大太low了呢。
 , 说实话我很羡慕题主。年纪轻轻，懂得造势、营销、沉稳不慌。日后定是个人才。台下的人再怎么骂你，你也是台上的人。虽然是个丑角，也比做观众强。唉
liu-yu-zhe-44 , 看了好多答案都是来嘲笑你的。我是来加入他们的。
ji-ze-ming-72-53 , 我寻思这位小老弟花三个月完全掌握了数学
 , 极可能不会。如果你用比较简单的初等方法证明了这个猜想，如果证明是正确的，只能说这个问题是平凡的，在数学上没有多大的价值。因此，因为你的证明没有价值，所以这个很可能不会被保送。不过坏的方面是，以后数学爱好者的研究领域又少了一个。以下是原回答。我和题主一样也对这个命题非常感兴趣。曾经，我也以为自己证明了。不过，最后发现有点问题。当时也想： 为什么这么简单的初等证明，别人没有发现呢？于是想啊想啊，终于意识到，有一个步骤好像不对。虽然没有反例。但是这一步并没有证明。等再深入证明这一步的时候，发现非常难。然后上网，发现一个人也想证明哥德巴赫猜想，他16岁考入哈工大，如今靠低保度日 | 自从大三读了《哥德巴赫猜想》……而且他用了一生来研究这个问题。不过我肯定没有那么长时间。建议楼主反复查看自己的证明。是不是犯了和我一样的错误。下面是我未完成的，错误的证明。花了一个周末，专门搭建了latex环境，第一次通过Latex写数学公式，typo之类错误难免。题主将就看吧。我已经放弃研究这个问题了，也就不再修改了。鉴于好多大神围观，为了避免被大神嘲笑糟糕的英语和错误的Latex符号，选择匿名。
 , 我不懂这些，单纯回答这个问题答案是可以。如果题主真的是一个高中生，那些想说讽刺的话的人，最好还是不要说出口。这件事情大多数人都认为是不可能事件，但是如果有一个人说他做出来了，虽说很大可能是错误的结果，又何必嘲讽呢？把错误的地方指出来还可以进行交流，若他是真的热爱数学相信他也不会放弃的吧。我这种完全不懂且事外的人也只能鼓励了吧，他身边的人可以给他更多的帮助。如果这就是哗众取宠的问题，那还管他干什么。
yu-yang-37-5 , 题主实在厉害，让我这种工作了才悟出了一些信息论和傅里叶变换思想的人羞愧死了，在想明天要不要把桌子上这些书给烧了，实在不想看了！
chen-zhe-58-37 , 问题的后半部分咱们不要了成不？“如果高中生能证明哥德巴赫猜想……”“不，你不能。”学习数学需要谦逊和沉默，而不是用狂妄自大去羞辱数学本身。如果题主不改变这样的心态，别说现在不能，就算最后油尽灯枯被装进小盒子里，也不行。PS:  吃完瓜记得取关，别惯坏了这高中生。
huan-xiang-chao-ying-yu-zheng-li-ben , 不能，因为哥德巴赫猜想毫无意义。
chen-yan-you , 有个比这个还好玩还挣钱的活儿，你现在就能干，你100米努力跑进9点6秒，我保证我给你当经济人，包你年入过亿，缺的钱我给你补。
rui-sang-56 , 可以，但没必要
skylr-96 , 年少时看着山尖的月亮，以为爬上了山顶，就能把她摘下来。年长后站在山顶，月亮依然仿佛触指可及，却已明白，此生都只能遥望。
jiu-yan-29-53 , 希望你不是开玩笑 评论里有些闲言碎语，有些不太友善的言语，冷嘲热讽实在过头了不过希望你不管是否做到了都能保持对数学的热爱
zhang-hao-92-24 , 简单，我也加了关注。证出来了，就算见证了历史。证错了，但是思路清奇，未抄袭其他论文思路，那还是值得关注的数学奇才。但要是不证，或者随便甩些垃圾东西出来，或者从哪些论文东拼西凑的东西。那取关举报。
li-zhi-yang-48-67 , 你要是能证出来我吃六万吨shi
ni-pan-rui , 入学以后去听课怕是老师在上面讲课压力都很大吧。
wo-wu-fa-jiu-ni , 直接成为清华教授 中科院院士最多一年之内
xi-ci-63-94 , 看到这个消息的时候我一直在猜想提问者是不是想用这个事例写一篇社会学论文，或者是为了反应什么社会现象。—————————————————————已经关注这个问题和您的账号了。希望您在2019年伊始时，给我们答案。
qiao-xie-yan , 第一次答题，也不是很懂，就是想说有些评论的人戾气太重了，觉得他就是来博关注的，应该平躺任人嘲。我个人觉得这就是一个年轻气盛的高中生，不服输，一根筋，可能确实证明出来了一些东西，不想就这么平庸下去，因为看上面好像是说他严重偏科来着吧，就想靠自己的证明赌一把。对数学有这种兴趣是个好事，他一月一日发出来的证明不全面或者是根本不对也不该被这样嘲讽吧，至少他比大部分人都有勇气了些，何必说这么重的话来伤害别人呢。
liu-han-ze-ze-ze , 真正能正面哥德巴赫猜想的高中生是不需要靠清华北大保送上的。
hu-xing-27-27 , 能证明哥德巴赫猜想那么牛，何必还要上大学？国内直接找个教职不好么？
zen-yao-zhao-zhong-tang-zan-fan-ne , 大家看来都是等着1月1号看下集的。但是看大多数答主这个意思，题主这证明过程就是再民科，您真看得懂吗?反正我是看不懂。我文科生，高数线代学的都是简化版的……数论除了高中那点数列知识就一点没接触过了。跟着起什么哄吖。
excalibur-65-73 , 还高中生证明哥德巴赫猜想，你也太瞧不起哥德巴赫猜想了。哥德巴赫猜想是中国民间科学爱好者热衷研究的数学问题之一。在徐迟的报告文学影响下，不少民间科学爱好者对哥德巴赫猜想产生兴趣，许多人自称在此问题上取得了进展，甚至自称证明了哥德巴赫猜想。中国科学院每年都收到“几麻袋”的讨论或声称证明了哥德巴赫猜想的来信来稿。不少报章也刊登过哥德巴赫猜想被民间科学爱好者证明的消息。许多数学家都认为，缺乏专业的学科知识和系统的训练的人，是无法在哥德巴赫猜想上做出进展的，甚至不可能理解此方面的研究。数学家建议，相关爱好者在研究哥德巴赫猜想之前至少应当“系统掌握相应的数学知识，以免走不必要的弯路”。中国科学院数学与系统科学研究院研究员陆柱家称“业余研究者是无法证明这个猜想（哥德巴赫猜想）的，除非世界一流的数学家，否则无法求证”、“哥德巴赫猜想是一个艰深的数论难题，证明它所需要的数学能力和突出的思维能力，都并非普通数学爱好者所能企及”。中国科学院已声明不会审理来自科学共同体之外的任何自称证明了哥德巴赫猜想的文章。来源：https://zh.wikipedia.org/wiki/%E5%93%A5%E5%BE%B7%E5%B7%B4%E8%B5%AB%E7%8C%9C%E6%83%B3
zhao-qing-xi-74 , 各位答主请慎言题主很有可能已经被系统附体，而歌猜只是题主的一个小任务而已，我估计题主以后还会狂揽诺贝尔奖十三次，菲儿兹奖三次，而且会建立数学大一统纲领。并且会陆续攻克核聚变商用，去火星亲自寻找生命等等等等真的，题主未来的成就无法预估！
tao-tian-yi-64-83 , 从逻辑的角度看若高中生能证明哥德巴赫猜想，则他会被清华北大数学系保送这是一个真命题
cong-ming-xiao-ben-gou , 1月1日，我要在知乎直播倒背圆周率！你没有看错，我要倒着背。我相信这一定是继哥德巴赫猜想被证明后2019年第二大的数学事件！来看我直播吧。
yi-jiang-nan-78 , 这个应该是目前保送北大清华最难的方法了小伙子。
zhou-yi-sheng-30 , 发出来看看，上面的每一个人都可以告诉你哪里错了。
xue-ding-e-de-tai-jin-he-zi , 来来，快来个尿黄的滋醒题主
